UTC Time at End of Hour,Demand (MW),Demand (MW) (Adjusted),Net Generation (MW),Total Interchange (MW)
2024-01-01 06:00:00+00:00,65974.0,65974.0,63332.0,-4062.0
2024-01-01 07:00:00+00:00,64702.0,64702.0,61900.0,-3993.0
2024-01-01 08:00:00+00:00,63853.0,63853.0,61414.0,-3523.0
2024-01-01 09:00:00+00:00,63016.0,63016.0,59891.0,-4307.0
2024-01-01 10:00:00+00:00,62934.0,62934.0,60069.0,-3973.0
2024-01-01 11:00:00+00:00,63652.0,63652.0,60543.0,-4279.0
2024-01-01 12:00:00+00:00,64811.0,64811.0,62375.0,-3597.0
2024-01-01 13:00:00+00:00,66254.0,66254.0,63142.0,-4340.0
2024-01-01 14:00:00+00:00,67365.0,67365.0,64347.0,-4134.0
2024-01-01 15:00:00+00:00,68413.0,68413.0,65256.0,-4446.0
2024-01-01 16:00:00+00:00,69875.0,69875.0,66752.0,-4352.0
2024-01-01 17:00:00+00:00,70769.0,70769.0,68112.0,-3908.0
2024-01-01 18:00:00+00:00,70807.0,70807.0,68679.0,-3489.0
2024-01-01 19:00:00+00:00,70250.0,70250.0,68169.0,-3370.0
2024-01-01 20:00:00+00:00,69532.0,69532.0,67652.0,-3299.0
2024-01-01 21:00:00+00:00,69022.0,69022.0,67167.0,-3281.0
2024-01-01 22:00:00+00:00,69640.0,69640.0,68264.0,-2887.0
2024-01-01 23:00:00+00:00,71773.0,71773.0,71035.0,-2464.0
2024-01-02 00:00:00+00:00,74638.0,74638.0,74181.0,-2496.0
2024-01-02 01:00:00+00:00,75044.0,75044.0,75119.0,-2139.0
2024-01-02 02:00:00+00:00,74508.0,74508.0,74986.0,-1722.0
2024-01-02 03:00:00+00:00,73741.0,73741.0,74095.0,-1839.0
2024-01-02 04:00:00+00:00,71942.0,71942.0,72825.0,-1253.0
2024-01-02 05:00:00+00:00,69799.0,69799.0,71281.0,-585.0
2024-01-02 06:00:00+00:00,67775.0,67775.0,69988.0,377.0
2024-01-02 07:00:00+00:00,66799.0,66799.0,69741.0,1044.0
2024-01-02 08:00:00+00:00,66395.0,66395.0,69658.0,1514.0
2024-01-02 09:00:00+00:00,66684.0,66684.0,69751.0,1421.0
2024-01-02 10:00:00+00:00,67561.0,67561.0,70119.0,851.0
2024-01-02 11:00:00+00:00,69703.0,69703.0,71668.0,162.0
2024-01-02 12:00:00+00:00,73557.0,73557.0,75574.0,153.0
2024-01-02 13:00:00+00:00,78517.0,78517.0,79822.0,-705.0
2024-01-02 14:00:00+00:00,81670.0,81670.0,82599.0,-1073.0
2024-01-02 15:00:00+00:00,82209.0,82209.0,81582.0,-2604.0
2024-01-02 16:00:00+00:00,81721.0,81721.0,80860.0,-2683.0
2024-01-02 17:00:00+00:00,80675.0,80675.0,79884.0,-2650.0
2024-01-02 18:00:00+00:00,79389.0,79389.0,78268.0,-3048.0
2024-01-02 19:00:00+00:00,78068.0,78068.0,77403.0,-2474.0
2024-01-02 20:00:00+00:00,76884.0,76884.0,76451.0,-2345.0
2024-01-02 21:00:00+00:00,76130.0,76130.0,75617.0,-2192.0
2024-01-02 22:00:00+00:00,76060.0,76060.0,76503.0,-1236.0
2024-01-02 23:00:00+00:00,77846.0,77846.0,78179.0,-1561.0
2024-01-03 00:00:00+00:00,80826.0,80826.0,79780.0,-3035.0
2024-01-03 01:00:00+00:00,81570.0,81570.0,80452.0,-2970.0
2024-01-03 02:00:00+00:00,80840.0,80840.0,79994.0,-2730.0
2024-01-03 03:00:00+00:00,79335.0,79335.0,79488.0,-1633.0
2024-01-03 04:00:00+00:00,77186.0,77186.0,77790.0,-1092.0
2024-01-03 05:00:00+00:00,74476.0,74476.0,75342.0,-781.0
2024-01-03 06:00:00+00:00,72474.0,72474.0,73610.0,-388.0
2024-01-03 07:00:00+00:00,71056.0,71056.0,72914.0,348.0
2024-01-03 08:00:00+00:00,69996.0,69996.0,72221.0,776.0
2024-01-03 09:00:00+00:00,69533.0,69533.0,71879.0,959.0
2024-01-03 10:00:00+00:00,69628.0,69628.0,71893.0,918.0
2024-01-03 11:00:00+00:00,71481.0,71481.0,73552.0,630.0
2024-01-03 12:00:00+00:00,74372.0,74372.0,76502.0,684.0
2024-01-03 13:00:00+00:00,78813.0,78813.0,81204.0,717.0
2024-01-03 14:00:00+00:00,81660.0,81660.0,83199.0,-186.0
2024-01-03 15:00:00+00:00,81893.0,81893.0,82232.0,-1371.0
2024-01-03 16:00:00+00:00,81367.0,81367.0,81375.0,-1599.0
2024-01-03 17:00:00+00:00,80366.0,80366.0,80258.0,-1710.0
2024-01-03 18:00:00+00:00,79339.0,79339.0,79677.0,-1318.0
2024-01-03 19:00:00+00:00,78593.0,78593.0,79248.0,-1056.0
2024-01-03 20:00:00+00:00,77750.0,77750.0,78800.0,-886.0
2024-01-03 21:00:00+00:00,76905.0,76905.0,78388.0,-478.0
2024-01-03 22:00:00+00:00,76763.0,76763.0,77666.0,-1018.0
2024-01-03 23:00:00+00:00,78737.0,78737.0,79304.0,-1191.0
2024-01-04 00:00:00+00:00,81082.0,81082.0,81483.0,-1393.0
2024-01-04 01:00:00+00:00,81836.0,81836.0,81799.0,-1756.0
2024-01-04 02:00:00+00:00,81431.0,81431.0,81108.0,-1879.0
2024-01-04 03:00:00+00:00,79790.0,79790.0,78806.0,-2728.0
2024-01-04 04:00:00+00:00,77533.0,77533.0,77174.0,-1857.0
2024-01-04 05:00:00+00:00,75532.0,75532.0,74709.0,-2407.0
2024-01-04 06:00:00+00:00,73549.0,73549.0,73091.0,-2159.0
2024-01-04 07:00:00+00:00,71886.0,71886.0,71110.0,-2641.0
2024-01-04 08:00:00+00:00,71201.0,71201.0,70231.0,-2669.0
2024-01-04 09:00:00+00:00,71467.0,71467.0,70552.0,-2643.0
2024-01-04 10:00:00+00:00,71824.0,71824.0,70518.0,-3104.0
2024-01-04 11:00:00+00:00,72922.0,72922.0,72196.0,-2322.0
2024-01-04 12:00:00+00:00,76595.0,76595.0,75610.0,-2868.0
2024-01-04 13:00:00+00:00,81432.0,81432.0,80069.0,-3195.0
2024-01-04 14:00:00+00:00,84185.0,84185.0,82140.0,-3896.0
2024-01-04 15:00:00+00:00,83950.0,83950.0,81809.0,-3892.0
2024-01-04 16:00:00+00:00,82545.0,82545.0,80936.0,-3069.0
2024-01-04 17:00:00+00:00,81358.0,81358.0,80146.0,-2749.0
2024-01-04 18:00:00+00:00,79880.0,79880.0,79187.0,-2055.0
2024-01-04 19:00:00+00:00,78235.0,78235.0,78499.0,-1182.0
2024-01-04 20:00:00+00:00,76831.0,76831.0,77124.0,-1205.0
2024-01-04 21:00:00+00:00,76252.0,76252.0,76665.0,-1014.0
2024-01-04 22:00:00+00:00,76260.0,76260.0,76437.0,-1396.0
2024-01-04 23:00:00+00:00,78251.0,78251.0,77831.0,-2063.0
2024-01-05 00:00:00+00:00,81207.0,81207.0,80692.0,-2123.0
2024-01-05 01:00:00+00:00,82222.0,82222.0,82063.0,-1688.0
2024-01-05 02:00:00+00:00,81949.0,81949.0,82049.0,-1499.0
2024-01-05 03:00:00+00:00,80758.0,80758.0,80518.0,-1839.0
2024-01-05 04:00:00+00:00,78663.0,78663.0,79068.0,-1075.0
2024-01-05 05:00:00+00:00,76435.0,76435.0,77537.0,-527.0
2024-01-05 06:00:00+00:00,75122.0,75122.0,75925.0,-807.0
2024-01-05 07:00:00+00:00,74142.0,74142.0,75723.0,-99.0
2024-01-05 08:00:00+00:00,73631.0,73631.0,75469.0,108.0
2024-01-05 09:00:00+00:00,73372.0,73372.0,75306.0,179.0
2024-01-05 10:00:00+00:00,73688.0,73688.0,75479.0,41.0
2024-01-05 11:00:00+00:00,74171.0,74171.0,76019.0,269.0
2024-01-05 12:00:00+00:00,76629.0,76629.0,78681.0,422.0
2024-01-05 13:00:00+00:00,81003.0,81003.0,83736.0,1065.0
2024-01-05 14:00:00+00:00,83735.0,83735.0,86091.0,473.0
2024-01-05 15:00:00+00:00,83744.0,83744.0,85459.0,-89.0
2024-01-05 16:00:00+00:00,83078.0,83078.0,84298.0,-510.0
2024-01-05 17:00:00+00:00,81880.0,81880.0,82767.0,-906.0
2024-01-05 18:00:00+00:00,81114.0,81114.0,82220.0,-634.0
2024-01-05 19:00:00+00:00,80156.0,80156.0,81196.0,-800.0
2024-01-05 20:00:00+00:00,79851.0,79851.0,80897.0,-703.0
2024-01-05 21:00:00+00:00,79400.0,79400.0,80068.0,-1117.0
2024-01-05 22:00:00+00:00,79483.0,79483.0,79982.0,-1205.0
2024-01-05 23:00:00+00:00,80275.0,80275.0,80656.0,-1494.0
2024-01-06 00:00:00+00:00,81550.0,81550.0,82634.0,-578.0
2024-01-06 01:00:00+00:00,80620.0,80620.0,82380.0,-60.0
2024-01-06 02:00:00+00:00,79325.0,79325.0,81189.0,158.0
2024-01-06 03:00:00+00:00,77605.0,77605.0,79770.0,399.0
2024-01-06 04:00:00+00:00,75173.0,75173.0,77476.0,481.0
2024-01-06 05:00:00+00:00,73287.0,73287.0,75497.0,547.0
2024-01-06 06:00:00+00:00,71539.0,71539.0,73525.0,400.0
2024-01-06 07:00:00+00:00,70001.0,70001.0,72004.0,371.0
2024-01-06 08:00:00+00:00,69134.0,69134.0,70692.0,24.0
2024-01-06 09:00:00+00:00,68520.0,68520.0,69976.0,6.0
2024-01-06 10:00:00+00:00,68107.0,68107.0,68876.0,-721.0
2024-01-06 11:00:00+00:00,68737.0,68737.0,69675.0,-494.0
2024-01-06 12:00:00+00:00,68597.0,68597.0,69609.0,-397.0
2024-01-06 13:00:00+00:00,70353.0,70353.0,70340.0,-1562.0
2024-01-06 14:00:00+00:00,72541.0,72541.0,72153.0,-1918.0
2024-01-06 15:00:00+00:00,74078.0,74078.0,74221.0,-1482.0
2024-01-06 16:00:00+00:00,75510.0,75510.0,74981.0,-2087.0
2024-01-06 17:00:00+00:00,75756.0,75756.0,75492.0,-1844.0
2024-01-06 18:00:00+00:00,75276.0,75276.0,74935.0,-1919.0
2024-01-06 19:00:00+00:00,74580.0,74580.0,74607.0,-1453.0
2024-01-06 20:00:00+00:00,73694.0,73694.0,74408.0,-760.0
2024-01-06 21:00:00+00:00,73173.0,73173.0,73928.0,-768.0
2024-01-06 22:00:00+00:00,73365.0,73365.0,74158.0,-697.0
2024-01-06 23:00:00+00:00,74513.0,74513.0,75244.0,-797.0
2024-01-07 00:00:00+00:00,76639.0,76639.0,77831.0,-389.0
2024-01-07 01:00:00+00:00,76480.0,76480.0,78098.0,-82.0
2024-01-07 02:00:00+00:00,75711.0,75711.0,77208.0,-279.0
2024-01-07 03:00:00+00:00,74494.0,74494.0,76225.0,-88.0
2024-01-07 04:00:00+00:00,72689.0,72689.0,74301.0,-147.0
2024-01-07 05:00:00+00:00,70864.0,70864.0,72608.0,87.0
2024-01-07 06:00:00+00:00,70029.0,70029.0,70990.0,-858.0
2024-01-07 07:00:00+00:00,69268.0,69268.0,70253.0,-835.0
2024-01-07 08:00:00+00:00,68368.0,68368.0,69339.0,-721.0
2024-01-07 09:00:00+00:00,67687.0,67687.0,68494.0,-902.0
2024-01-07 10:00:00+00:00,67799.0,67799.0,68774.0,-719.0
2024-01-07 11:00:00+00:00,68298.0,68298.0,69171.0,-985.0
2024-01-07 12:00:00+00:00,69367.0,69367.0,70058.0,-1026.0
2024-01-07 13:00:00+00:00,70264.0,70264.0,69911.0,-2179.0
2024-01-07 14:00:00+00:00,72556.0,72556.0,71587.0,-2814.0
2024-01-07 15:00:00+00:00,74136.0,74136.0,72823.0,-3141.0
2024-01-07 16:00:00+00:00,74095.0,74095.0,72490.0,-3523.0
2024-01-07 17:00:00+00:00,73330.0,73330.0,71649.0,-3379.0
2024-01-07 18:00:00+00:00,72631.0,72631.0,71330.0,-2943.0
2024-01-07 19:00:00+00:00,72040.0,72040.0,71038.0,-2753.0
2024-01-07 20:00:00+00:00,71425.0,71425.0,69711.0,-3409.0
2024-01-07 21:00:00+00:00,71146.0,71146.0,69656.0,-3191.0
2024-01-07 22:00:00+00:00,71613.0,71613.0,70425.0,-3049.0
2024-01-07 23:00:00+00:00,73529.0,73529.0,71833.0,-3532.0
2024-01-08 00:00:00+00:00,76513.0,76513.0,74507.0,-3750.0
2024-01-08 01:00:00+00:00,77380.0,77380.0,76050.0,-3078.0
2024-01-08 02:00:00+00:00,77082.0,77082.0,75717.0,-3117.0
2024-01-08 03:00:00+00:00,75917.0,75917.0,74906.0,-2878.0
2024-01-08 04:00:00+00:00,73684.0,73684.0,72707.0,-2716.0
2024-01-08 05:00:00+00:00,71365.0,71365.0,71162.0,-1723.0
2024-01-08 06:00:00+00:00,69792.0,69792.0,69617.0,-1740.0
2024-01-08 07:00:00+00:00,69092.0,69092.0,69168.0,-1461.0
2024-01-08 08:00:00+00:00,68572.0,68572.0,68499.0,-1802.0
2024-01-08 09:00:00+00:00,68316.0,68316.0,68830.0,-1239.0
2024-01-08 10:00:00+00:00,68108.0,68108.0,69113.0,-854.0
2024-01-08 11:00:00+00:00,69383.0,69383.0,71615.0,123.0
2024-01-08 12:00:00+00:00,73422.0,73422.0,76030.0,334.0
2024-01-08 13:00:00+00:00,78667.0,78667.0,81008.0,-149.0
2024-01-08 14:00:00+00:00,81410.0,81410.0,84187.0,256.0
2024-01-08 15:00:00+00:00,81298.0,81298.0,83418.0,-524.0
2024-01-08 16:00:00+00:00,80933.0,80933.0,82512.0,-853.0
2024-01-08 17:00:00+00:00,80655.0,80655.0,81728.0,-1374.0
2024-01-08 18:00:00+00:00,80609.0,80609.0,81729.0,-1208.0
2024-01-08 19:00:00+00:00,80056.0,80056.0,80108.0,-2232.0
2024-01-08 20:00:00+00:00,79675.0,79675.0,79759.0,-2061.0
2024-01-08 21:00:00+00:00,79218.0,79218.0,79619.0,-1806.0
2024-01-08 22:00:00+00:00,79191.0,79191.0,80401.0,-964.0
2024-01-08 23:00:00+00:00,80233.0,80233.0,82037.0,-587.0
2024-01-09 00:00:00+00:00,81967.0,81967.0,83724.0,-793.0
2024-01-09 01:00:00+00:00,81035.0,81035.0,83036.0,-545.0
2024-01-09 02:00:00+00:00,79282.0,79282.0,81715.0,-266.0
2024-01-09 03:00:00+00:00,77144.0,77144.0,79205.0,-520.0
2024-01-09 04:00:00+00:00,74954.0,74954.0,76716.0,-580.0
2024-01-09 05:00:00+00:00,72434.0,72434.0,74503.0,-291.0
2024-01-09 06:00:00+00:00,69879.0,69879.0,71057.0,-1307.0
2024-01-09 07:00:00+00:00,67943.0,67943.0,67804.0,-2443.0
2024-01-09 08:00:00+00:00,66987.0,66987.0,67491.0,-1733.0
2024-01-09 09:00:00+00:00,66489.0,66489.0,66798.0,-1867.0
2024-01-09 10:00:00+00:00,66612.0,66612.0,66947.0,-1817.0
2024-01-09 11:00:00+00:00,68121.0,68121.0,68808.0,-1451.0
2024-01-09 12:00:00+00:00,71246.0,71246.0,71857.0,-1812.0
2024-01-09 13:00:00+00:00,76184.0,76184.0,76800.0,-1959.0
2024-01-09 14:00:00+00:00,79320.0,79320.0,79821.0,-2187.0
2024-01-09 15:00:00+00:00,80094.0,80094.0,81054.0,-1769.0
2024-01-09 16:00:00+00:00,80288.0,80288.0,81660.0,-1402.0
2024-01-09 17:00:00+00:00,80599.0,80599.0,82453.0,-686.0
2024-01-09 18:00:00+00:00,80426.0,80426.0,83072.0,96.0
2024-01-09 19:00:00+00:00,80239.0,80239.0,83654.0,771.0
2024-01-09 20:00:00+00:00,79909.0,79909.0,83196.0,758.0
2024-01-09 21:00:00+00:00,79238.0,79238.0,82761.0,984.0
2024-01-09 22:00:00+00:00,79195.0,79195.0,82500.0,748.0
2024-01-09 23:00:00+00:00,80578.0,80578.0,82948.0,-265.0
2024-01-10 00:00:00+00:00,83244.0,83244.0,85307.0,-440.0
2024-01-10 01:00:00+00:00,83771.0,83771.0,85868.0,-475.0
2024-01-10 02:00:00+00:00,82761.0,82761.0,84384.0,-836.0
2024-01-10 03:00:00+00:00,81187.0,81187.0,82140.0,-1627.0
2024-01-10 04:00:00+00:00,78719.0,78719.0,78079.0,-2862.0
2024-01-10 05:00:00+00:00,75600.0,75600.0,75475.0,-2099.0
2024-01-10 06:00:00+00:00,73444.0,73444.0,72017.0,-3589.0
2024-01-10 07:00:00+00:00,71967.0,71967.0,68463.0,-5351.0
2024-01-10 08:00:00+00:00,71316.0,71316.0,67797.0,-5151.0
2024-01-10 09:00:00+00:00,71124.0,71124.0,67710.0,-5050.0
2024-01-10 10:00:00+00:00,71657.0,71657.0,68457.0,-4953.0
2024-01-10 11:00:00+00:00,73990.0,73990.0,71188.0,-4475.0
2024-01-10 12:00:00+00:00,77786.0,77786.0,75139.0,-4480.0
2024-01-10 13:00:00+00:00,83153.0,83153.0,80473.0,-4686.0
2024-01-10 14:00:00+00:00,85931.0,85931.0,83791.0,-4149.0
2024-01-10 15:00:00+00:00,85454.0,85454.0,83907.0,-3515.0
2024-01-10 16:00:00+00:00,83782.0,83782.0,82319.0,-3409.0
2024-01-10 17:00:00+00:00,82551.0,82551.0,81509.0,-3002.0
2024-01-10 18:00:00+00:00,80854.0,80854.0,80193.0,-2712.0
2024-01-10 19:00:00+00:00,79395.0,79395.0,79124.0,-2356.0
2024-01-10 20:00:00+00:00,78148.0,78148.0,77420.0,-2797.0
2024-01-10 21:00:00+00:00,77176.0,77176.0,76656.0,-2343.0
2024-01-10 22:00:00+00:00,76803.0,76803.0,76808.0,-1813.0
2024-01-10 23:00:00+00:00,78546.0,78546.0,78625.0,-1794.0
2024-01-11 00:00:00+00:00,81487.0,81487.0,81527.0,-1866.0
2024-01-11 01:00:00+00:00,82063.0,82063.0,81958.0,-2111.0
2024-01-11 02:00:00+00:00,81468.0,81468.0,81368.0,-2123.0
2024-01-11 03:00:00+00:00,80037.0,80037.0,79874.0,-2147.0
2024-01-11 04:00:00+00:00,77338.0,77338.0,77134.0,-2200.0
2024-01-11 05:00:00+00:00,74159.0,74159.0,74596.0,-1489.0
2024-01-11 06:00:00+00:00,72629.0,72629.0,73710.0,-1064.0
2024-01-11 07:00:00+00:00,71604.0,71604.0,72633.0,-1203.0
2024-01-11 08:00:00+00:00,70598.0,70598.0,71553.0,-1391.0
2024-01-11 09:00:00+00:00,70053.0,70053.0,70493.0,-2018.0
2024-01-11 10:00:00+00:00,70599.0,70599.0,71087.0,-1920.0
2024-01-11 11:00:00+00:00,71123.0,71123.0,71650.0,-1734.0
2024-01-11 12:00:00+00:00,74717.0,74717.0,75307.0,-1705.0
2024-01-11 13:00:00+00:00,79722.0,79722.0,80010.0,-2148.0
2024-01-11 14:00:00+00:00,82208.0,82208.0,81436.0,-3080.0
2024-01-11 15:00:00+00:00,81549.0,81549.0,79962.0,-3717.0
2024-01-11 16:00:00+00:00,80005.0,80005.0,77089.0,-4730.0
2024-01-11 17:00:00+00:00,78279.0,78279.0,75193.0,-4757.0
2024-01-11 18:00:00+00:00,76626.0,76626.0,74361.0,-3991.0
2024-01-11 19:00:00+00:00,75530.0,75530.0,73393.0,-3890.0
2024-01-11 20:00:00+00:00,75054.0,75054.0,72407.0,-4325.0
2024-01-11 21:00:00+00:00,74467.0,74467.0,71966.0,-4348.0
2024-01-11 22:00:00+00:00,74820.0,74820.0,72602.0,-3981.0
2024-01-11 23:00:00+00:00,76180.0,76180.0,74524.0,-3548.0
2024-01-12 00:00:00+00:00,78774.0,78774.0,77635.0,-3242.0
2024-01-12 01:00:00+00:00,79057.0,79057.0,78345.0,-2881.0
2024-01-12 02:00:00+00:00,78274.0,78274.0,77975.0,-2466.0
2024-01-12 03:00:00+00:00,76831.0,76831.0,77262.0,-1994.0
2024-01-12 04:00:00+00:00,74489.0,74489.0,75133.0,-1634.0
2024-01-12 05:00:00+00:00,72365.0,72365.0,72950.0,-1708.0
2024-01-12 06:00:00+00:00,70564.0,70564.0,70999.0,-1953.0
2024-01-12 07:00:00+00:00,68963.0,68963.0,68754.0,-2664.0
2024-01-12 08:00:00+00:00,67825.0,67825.0,67286.0,-2797.0
2024-01-12 09:00:00+00:00,67191.0,67191.0,67472.0,-1996.0
2024-01-12 10:00:00+00:00,67016.0,67016.0,67661.0,-1651.0
2024-01-12 11:00:00+00:00,67922.0,67922.0,69127.0,-1184.0
2024-01-12 12:00:00+00:00,69354.0,69354.0,70588.0,-1250.0
2024-01-12 13:00:00+00:00,73331.0,73331.0,74257.0,-1587.0
2024-01-12 14:00:00+00:00,75972.0,75972.0,76888.0,-1631.0
2024-01-12 15:00:00+00:00,76818.0,76818.0,77578.0,-1722.0
2024-01-12 16:00:00+00:00,77383.0,77383.0,78196.0,-1788.0
2024-01-12 17:00:00+00:00,77853.0,77853.0,78855.0,-1592.0
2024-01-12 18:00:00+00:00,78157.0,78157.0,79660.0,-1144.0
2024-01-12 19:00:00+00:00,78580.0,78580.0,79600.0,-1418.0
2024-01-12 20:00:00+00:00,78586.0,78586.0,80212.0,-973.0
2024-01-12 21:00:00+00:00,78247.0,78247.0,79890.0,-1026.0
2024-01-12 22:00:00+00:00,78203.0,78203.0,79974.0,-825.0
2024-01-12 23:00:00+00:00,79841.0,79841.0,82023.0,-485.0
2024-01-13 00:00:00+00:00,82184.0,82184.0,83942.0,-1017.0
2024-01-13 01:00:00+00:00,82637.0,82637.0,83824.0,-1584.0
2024-01-13 02:00:00+00:00,81658.0,81658.0,82217.0,-2184.0
2024-01-13 03:00:00+00:00,80692.0,80692.0,81135.0,-2179.0
2024-01-13 04:00:00+00:00,79163.0,79163.0,79678.0,-2065.0
2024-01-13 05:00:00+00:00,77280.0,77280.0,77950.0,-1845.0
2024-01-13 06:00:00+00:00,75637.0,75637.0,75250.0,-3196.0
2024-01-13 07:00:00+00:00,74673.0,74673.0,72695.0,-4475.0
2024-01-13 08:00:00+00:00,73964.0,73964.0,72180.0,-4259.0
2024-01-13 09:00:00+00:00,73633.0,73633.0,71874.0,-4233.0
2024-01-13 10:00:00+00:00,73783.0,73783.0,71898.0,-4380.0
2024-01-13 11:00:00+00:00,75122.0,75122.0,73322.0,-4384.0
2024-01-13 12:00:00+00:00,77129.0,77129.0,75468.0,-4244.0
2024-01-13 13:00:00+00:00,79619.0,79619.0,78233.0,-4009.0
2024-01-13 14:00:00+00:00,82076.0,82076.0,80819.0,-3883.0
2024-01-13 15:00:00+00:00,83248.0,83248.0,81324.0,-4567.0
2024-01-13 16:00:00+00:00,83157.0,83157.0,81940.0,-3758.0
2024-01-13 17:00:00+00:00,82165.0,82165.0,81711.0,-3209.0
2024-01-13 18:00:00+00:00,80641.0,80641.0,79955.0,-3435.0
2024-01-13 19:00:00+00:00,79349.0,79349.0,79092.0,-2874.0
2024-01-13 20:00:00+00:00,78072.0,78072.0,77329.0,-3439.0
2024-01-13 21:00:00+00:00,77630.0,77630.0,76152.0,-4091.0
2024-01-13 22:00:00+00:00,78264.0,78264.0,76668.0,-4056.0
2024-01-13 23:00:00+00:00,80196.0,80196.0,78598.0,-4171.0
2024-01-14 00:00:00+00:00,83350.0,83350.0,81469.0,-4387.0
2024-01-14 01:00:00+00:00,84378.0,84378.0,82169.0,-4730.0
2024-01-14 02:00:00+00:00,84063.0,84063.0,82372.0,-4092.0
2024-01-14 03:00:00+00:00,83415.0,83415.0,81440.0,-4352.0
2024-01-14 04:00:00+00:00,82120.0,82120.0,80705.0,-3767.0
2024-01-14 05:00:00+00:00,80423.0,80423.0,79367.0,-3186.0
2024-01-14 06:00:00+00:00,79139.0,79139.0,78590.0,-2872.0
2024-01-14 07:00:00+00:00,79085.0,79085.0,77926.0,-3226.0
2024-01-14 08:00:00+00:00,79080.0,79080.0,78147.0,-3077.0
2024-01-14 09:00:00+00:00,79320.0,79320.0,78261.0,-3158.0
2024-01-14 10:00:00+00:00,80012.0,80012.0,79055.0,-3056.0
2024-01-14 11:00:00+00:00,81085.0,81085.0,80595.0,-2485.0
2024-01-14 12:00:00+00:00,82165.0,82165.0,81414.0,-2866.0
2024-01-14 13:00:00+00:00,83976.0,83976.0,83280.0,-2742.0
2024-01-14 14:00:00+00:00,86034.0,86034.0,85479.0,-2656.0
2024-01-14 15:00:00+00:00,87409.0,87409.0,85444.0,-4083.0
2024-01-14 16:00:00+00:00,87030.0,87030.0,84781.0,-4118.0
2024-01-14 17:00:00+00:00,86354.0,86354.0,84338.0,-3939.0
2024-01-14 18:00:00+00:00,85556.0,85556.0,83169.0,-4277.0
2024-01-14 19:00:00+00:00,85299.0,85299.0,83316.0,-3846.0
2024-01-14 20:00:00+00:00,85014.0,85014.0,81957.0,-4918.0
2024-01-14 21:00:00+00:00,85040.0,85040.0,82077.0,-4658.0
2024-01-14 22:00:00+00:00,85934.0,85934.0,83548.0,-4110.0
2024-01-14 23:00:00+00:00,88140.0,88140.0,86657.0,-3223.0
2024-01-15 00:00:00+00:00,91133.0,91133.0,89008.0,-4204.0
2024-01-15 01:00:00+00:00,91627.0,91627.0,89336.0,-4465.0
2024-01-15 02:00:00+00:00,91247.0,91247.0,87763.0,-5508.0
2024-01-15 03:00:00+00:00,90227.0,90227.0,87385.0,-4635.0
2024-01-15 04:00:00+00:00,88678.0,88678.0,87227.0,-3316.0
2024-01-15 05:00:00+00:00,86745.0,86745.0,85814.0,-2798.0
2024-01-15 06:00:00+00:00,86069.0,86069.0,83978.0,-3939.0
2024-01-15 07:00:00+00:00,85712.0,85712.0,83901.0,-3580.0
2024-01-15 08:00:00+00:00,85214.0,85214.0,82586.0,-4555.0
2024-01-15 09:00:00+00:00,85016.0,85016.0,82317.0,-4593.0
2024-01-15 10:00:00+00:00,85895.0,85895.0,82996.0,-4714.0
2024-01-15 11:00:00+00:00,87169.0,87169.0,84859.0,-4009.0
2024-01-15 12:00:00+00:00,89206.0,89206.0,87026.0,-4179.0
2024-01-15 13:00:00+00:00,92973.0,92973.0,90157.0,-4879.0
2024-01-15 14:00:00+00:00,95619.0,95619.0,93197.0,-4441.0
2024-01-15 15:00:00+00:00,96667.0,96667.0,93218.0,-5875.0
2024-01-15 16:00:00+00:00,96711.0,96711.0,93062.0,-5800.0
2024-01-15 17:00:00+00:00,96003.0,96003.0,92037.0,-6265.0
2024-01-15 18:00:00+00:00,95337.0,95337.0,91240.0,-6184.0
2024-01-15 19:00:00+00:00,94938.0,94938.0,91691.0,-5453.0
2024-01-15 20:00:00+00:00,94622.0,94622.0,91253.0,-5733.0
2024-01-15 21:00:00+00:00,94498.0,94498.0,91817.0,-5170.0
2024-01-15 22:00:00+00:00,94889.0,94889.0,92484.0,-4799.0
2024-01-15 23:00:00+00:00,96388.0,96388.0,94499.0,-4398.0
2024-01-16 00:00:00+00:00,99439.0,99439.0,97441.0,-4760.0
2024-01-16 01:00:00+00:00,99884.0,99884.0,97649.0,-5009.0
2024-01-16 02:00:00+00:00,98847.0,98847.0,96982.0,-4442.0
2024-01-16 03:00:00+00:00,97392.0,97392.0,96335.0,-3579.0
2024-01-16 04:00:00+00:00,95411.0,95411.0,94256.0,-3748.0
2024-01-16 05:00:00+00:00,93860.0,93860.0,92558.0,-3648.0
2024-01-16 06:00:00+00:00,92933.0,92933.0,91250.0,-4301.0
2024-01-16 07:00:00+00:00,92171.0,92171.0,90559.0,-3805.0
2024-01-16 08:00:00+00:00,91613.0,91613.0,90932.0,-2978.0
2024-01-16 09:00:00+00:00,91279.0,91279.0,90672.0,-2901.0
2024-01-16 10:00:00+00:00,91833.0,91833.0,91522.0,-2689.0
2024-01-16 11:00:00+00:00,93100.0,93100.0,92671.0,-2894.0
2024-01-16 12:00:00+00:00,95149.0,95149.0,94718.0,-2982.0
2024-01-16 13:00:00+00:00,99107.0,99107.0,98398.0,-3436.0
2024-01-16 14:00:00+00:00,101688.0,101688.0,101315.0,-3061.0
2024-01-16 15:00:00+00:00,102133.0,102133.0,101989.0,-2724.0
2024-01-16 16:00:00+00:00,101111.0,101111.0,102488.0,-1192.0
2024-01-16 17:00:00+00:00,100202.0,100202.0,102370.0,-209.0
2024-01-16 18:00:00+00:00,98748.0,98748.0,101663.0,318.0
2024-01-16 19:00:00+00:00,97067.0,97067.0,99501.0,-85.0
2024-01-16 20:00:00+00:00,95364.0,95364.0,98164.0,109.0
2024-01-16 21:00:00+00:00,94065.0,94065.0,97631.0,1076.0
2024-01-16 22:00:00+00:00,93579.0,93579.0,97439.0,1002.0
2024-01-16 23:00:00+00:00,95756.0,95756.0,98805.0,213.0
2024-01-17 00:00:00+00:00,99884.0,99884.0,102414.0,-469.0
2024-01-17 01:00:00+00:00,101545.0,101545.0,104188.0,-180.0
2024-01-17 02:00:00+00:00,101149.0,101149.0,102770.0,-1226.0
2024-01-17 03:00:00+00:00,100426.0,100426.0,102397.0,-699.0
2024-01-17 04:00:00+00:00,98189.0,98189.0,100734.0,-173.0
2024-01-17 05:00:00+00:00,95678.0,95678.0,98251.0,27.0
2024-01-17 06:00:00+00:00,94793.0,94793.0,97764.0,403.0
2024-01-17 07:00:00+00:00,93784.0,93784.0,96678.0,304.0
2024-01-17 08:00:00+00:00,93133.0,93133.0,95710.0,29.0
2024-01-17 09:00:00+00:00,93120.0,93120.0,95794.0,50.0
2024-01-17 10:00:00+00:00,93012.0,93012.0,95487.0,-152.0
2024-01-17 11:00:00+00:00,93887.0,93887.0,96143.0,-308.0
2024-01-17 12:00:00+00:00,96468.0,96468.0,98596.0,-521.0
2024-01-17 13:00:00+00:00,100778.0,100778.0,102461.0,-968.0
2024-01-17 14:00:00+00:00,102621.0,102621.0,102555.0,-2549.0
2024-01-17 15:00:00+00:00,101949.0,101949.0,101229.0,-3082.0
2024-01-17 16:00:00+00:00,99038.0,99038.0,98721.0,-2525.0
2024-01-17 17:00:00+00:00,96577.0,96577.0,95606.0,-2854.0
2024-01-17 18:00:00+00:00,93829.0,93829.0,92919.0,-2839.0
2024-01-17 19:00:00+00:00,91287.0,91287.0,89573.0,-3563.0
2024-01-17 20:00:00+00:00,89128.0,89128.0,87643.0,-3217.0
2024-01-17 21:00:00+00:00,87291.0,87291.0,86138.0,-2991.0
2024-01-17 22:00:00+00:00,86527.0,86527.0,84733.0,-3549.0
2024-01-17 23:00:00+00:00,88225.0,88225.0,87108.0,-3035.0
2024-01-18 00:00:00+00:00,92110.0,92110.0,90375.0,-3821.0
2024-01-18 01:00:00+00:00,93432.0,93432.0,92252.0,-3118.0
2024-01-18 02:00:00+00:00,93131.0,93131.0,91018.0,-3943.0
2024-01-18 03:00:00+00:00,92012.0,92012.0,90339.0,-3411.0
2024-01-18 04:00:00+00:00,89589.0,89589.0,88191.0,-2993.0
2024-01-18 05:00:00+00:00,86859.0,86859.0,86673.0,-1617.0
2024-01-18 06:00:00+00:00,85067.0,85067.0,85381.0,-1443.0
2024-01-18 07:00:00+00:00,83839.0,83839.0,83298.0,-2115.0
2024-01-18 08:00:00+00:00,82675.0,82675.0,82651.0,-1535.0
2024-01-18 09:00:00+00:00,82035.0,82035.0,82598.0,-834.0
2024-01-18 10:00:00+00:00,82047.0,82047.0,82926.0,-584.0
2024-01-18 11:00:00+00:00,81943.0,81943.0,82476.0,-1009.0
2024-01-18 12:00:00+00:00,84419.0,84419.0,85182.0,-839.0
2024-01-18 13:00:00+00:00,88400.0,88400.0,89403.0,-609.0
2024-01-18 14:00:00+00:00,89998.0,89998.0,90920.0,-940.0
2024-01-18 15:00:00+00:00,89826.0,89826.0,88843.0,-2774.0
2024-01-18 16:00:00+00:00,89029.0,89029.0,86923.0,-3527.0
2024-01-18 17:00:00+00:00,87797.0,87797.0,86555.0,-2678.0
2024-01-18 18:00:00+00:00,86253.0,86253.0,86103.0,-1555.0
2024-01-18 19:00:00+00:00,84602.0,84602.0,84647.0,-1455.0
2024-01-18 20:00:00+00:00,83272.0,83272.0,83436.0,-1364.0
2024-01-18 21:00:00+00:00,82372.0,82372.0,83121.0,-911.0
2024-01-18 22:00:00+00:00,82043.0,82043.0,83194.0,-806.0
2024-01-18 23:00:00+00:00,83396.0,83396.0,84461.0,-1194.0
2024-01-19 00:00:00+00:00,86031.0,86031.0,86750.0,-1447.0
2024-01-19 01:00:00+00:00,86592.0,86592.0,87349.0,-1393.0
2024-01-19 02:00:00+00:00,85780.0,85780.0,87063.0,-772.0
2024-01-19 03:00:00+00:00,84259.0,84259.0,86148.0,-306.0
2024-01-19 04:00:00+00:00,82449.0,82449.0,85203.0,744.0
2024-01-19 05:00:00+00:00,80251.0,80251.0,83827.0,1601.0
2024-01-19 06:00:00+00:00,78947.0,78947.0,82665.0,1496.0
2024-01-19 07:00:00+00:00,77638.0,77638.0,80173.0,391.0
2024-01-19 08:00:00+00:00,76886.0,76886.0,79329.0,367.0
2024-01-19 09:00:00+00:00,76802.0,76802.0,79645.0,756.0
2024-01-19 10:00:00+00:00,77616.0,77616.0,80947.0,1235.0
2024-01-19 11:00:00+00:00,79001.0,79001.0,82304.0,1119.0
2024-01-19 12:00:00+00:00,82644.0,82644.0,86080.0,1050.0
2024-01-19 13:00:00+00:00,86999.0,86999.0,89723.0,273.0
2024-01-19 14:00:00+00:00,90300.0,90300.0,92922.0,197.0
2024-01-19 15:00:00+00:00,91128.0,91128.0,93397.0,-105.0
2024-01-19 16:00:00+00:00,90471.0,90471.0,92988.0,275.0
2024-01-19 17:00:00+00:00,89370.0,89370.0,91893.0,283.0
2024-01-19 18:00:00+00:00,88063.0,88063.0,90371.0,171.0
2024-01-19 19:00:00+00:00,86658.0,86658.0,87764.0,-1223.0
2024-01-19 20:00:00+00:00,85447.0,85447.0,86495.0,-1044.0
2024-01-19 21:00:00+00:00,84522.0,84522.0,86641.0,-71.0
2024-01-19 22:00:00+00:00,84728.0,84728.0,87553.0,498.0
2024-01-19 23:00:00+00:00,86832.0,86832.0,89139.0,-117.0
2024-01-20 00:00:00+00:00,90553.0,90553.0,91671.0,-1172.0
2024-01-20 01:00:00+00:00,92093.0,92093.0,92861.0,-1439.0
2024-01-20 02:00:00+00:00,92010.0,92010.0,92569.0,-1680.0
2024-01-20 03:00:00+00:00,91440.0,91440.0,92199.0,-1458.0
2024-01-20 04:00:00+00:00,89919.0,89919.0,90614.0,-1389.0
2024-01-20 05:00:00+00:00,88129.0,88129.0,90177.0,177.0
2024-01-20 06:00:00+00:00,86596.0,86596.0,89933.0,1451.0
2024-01-20 07:00:00+00:00,85655.0,85655.0,89485.0,1889.0
2024-01-20 08:00:00+00:00,85125.0,85125.0,88593.0,1517.0
2024-01-20 09:00:00+00:00,85259.0,85259.0,89103.0,1927.0
2024-01-20 10:00:00+00:00,85833.0,85833.0,89992.0,2187.0
2024-01-20 11:00:00+00:00,87252.0,87252.0,90975.0,1800.0
2024-01-20 12:00:00+00:00,89159.0,89159.0,92389.0,1249.0
2024-01-20 13:00:00+00:00,91735.0,91735.0,94282.0,564.0
2024-01-20 14:00:00+00:00,93808.0,93808.0,96686.0,835.0
2024-01-20 15:00:00+00:00,94503.0,94503.0,97080.0,431.0
2024-01-20 16:00:00+00:00,93196.0,93196.0,95810.0,591.0
2024-01-20 17:00:00+00:00,91171.0,91171.0,93872.0,617.0
2024-01-20 18:00:00+00:00,88815.0,88815.0,90964.0,266.0
2024-01-20 19:00:00+00:00,86167.0,86167.0,88186.0,368.0
2024-01-20 20:00:00+00:00,83954.0,83954.0,86617.0,1077.0
2024-01-20 21:00:00+00:00,82656.0,82656.0,85970.0,1723.0
2024-01-20 22:00:00+00:00,82788.0,82788.0,86496.0,1970.0
2024-01-20 23:00:00+00:00,84978.0,84978.0,89056.0,2041.0
2024-01-21 00:00:00+00:00,89644.0,89644.0,93948.0,2048.0
2024-01-21 01:00:00+00:00,91334.0,91334.0,96059.0,2300.0
2024-01-21 02:00:00+00:00,91385.0,91385.0,96141.0,2286.0
2024-01-21 03:00:00+00:00,90703.0,90703.0,95423.0,2332.0
2024-01-21 04:00:00+00:00,89433.0,89433.0,95022.0,3287.0
2024-01-21 05:00:00+00:00,87979.0,87979.0,94170.0,3961.0
2024-01-21 06:00:00+00:00,86771.0,86771.0,93212.0,4051.0
2024-01-21 07:00:00+00:00,86120.0,86120.0,93397.0,4931.0
2024-01-21 08:00:00+00:00,85846.0,85846.0,93034.0,4787.0
2024-01-21 09:00:00+00:00,85681.0,85681.0,92723.0,4779.0
2024-01-21 10:00:00+00:00,85861.0,85861.0,93608.0,5415.0
2024-01-21 11:00:00+00:00,86252.0,86252.0,94150.0,5385.0
2024-01-21 12:00:00+00:00,86606.0,86606.0,93821.0,4816.0
2024-01-21 13:00:00+00:00,88278.0,88278.0,95554.0,4700.0
2024-01-21 14:00:00+00:00,90019.0,90019.0,96384.0,3541.0
2024-01-21 15:00:00+00:00,90585.0,90585.0,96562.0,3379.0
2024-01-21 16:00:00+00:00,89228.0,89228.0,95326.0,3599.0
2024-01-21 17:00:00+00:00,87569.0,87569.0,93241.0,3214.0
2024-01-21 18:00:00+00:00,85719.0,85719.0,90604.0,2508.0
2024-01-21 19:00:00+00:00,84102.0,84102.0,89366.0,3086.0
2024-01-21 20:00:00+00:00,82624.0,82624.0,87515.0,2551.0
2024-01-21 21:00:00+00:00,81495.0,81495.0,86413.0,2582.0
2024-01-21 22:00:00+00:00,81939.0,81939.0,87399.0,3140.0
2024-01-21 23:00:00+00:00,84450.0,84450.0,90470.0,3645.0
2024-01-22 00:00:00+00:00,88107.0,88107.0,93886.0,3166.0
2024-01-22 01:00:00+00:00,89027.0,89027.0,94002.0,2391.0
2024-01-22 02:00:00+00:00,88178.0,88178.0,92765.0,2109.0
2024-01-22 03:00:00+00:00,86388.0,86388.0,91496.0,2603.0
2024-01-22 04:00:00+00:00,84254.0,84254.0,89950.0,3250.0
2024-01-22 05:00:00+00:00,81046.0,81046.0,86459.0,3008.0
2024-01-22 06:00:00+00:00,78505.0,78505.0,82948.0,2107.0
2024-01-22 07:00:00+00:00,77081.0,77081.0,81887.0,2630.0
2024-01-22 08:00:00+00:00,76095.0,76095.0,80945.0,2608.0
2024-01-22 09:00:00+00:00,75614.0,75614.0,80247.0,2490.0
2024-01-22 10:00:00+00:00,75925.0,75925.0,80904.0,2854.0
2024-01-22 11:00:00+00:00,77583.0,77583.0,82810.0,3194.0
2024-01-22 12:00:00+00:00,81349.0,81349.0,87232.0,3750.0
2024-01-22 13:00:00+00:00,85666.0,85666.0,90639.0,2577.0
2024-01-22 14:00:00+00:00,87897.0,87897.0,92181.0,1996.0
2024-01-22 15:00:00+00:00,88039.0,88039.0,91062.0,886.0
2024-01-22 16:00:00+00:00,87212.0,87212.0,89668.0,401.0
2024-01-22 17:00:00+00:00,86138.0,86138.0,88386.0,451.0
2024-01-22 18:00:00+00:00,84825.0,84825.0,87118.0,554.0
2024-01-22 19:00:00+00:00,83520.0,83520.0,85662.0,307.0
2024-01-22 20:00:00+00:00,82712.0,82712.0,84384.0,27.0
2024-01-22 21:00:00+00:00,81679.0,81679.0,83012.0,-331.0
2024-01-22 22:00:00+00:00,81380.0,81380.0,82284.0,-715.0
2024-01-22 23:00:00+00:00,82339.0,82339.0,82889.0,-1148.0
2024-01-23 00:00:00+00:00,84355.0,84355.0,84696.0,-1307.0
2024-01-23 01:00:00+00:00,84164.0,84164.0,83989.0,-1813.0
2024-01-23 02:00:00+00:00,82473.0,82473.0,83108.0,-903.0
2024-01-23 03:00:00+00:00,80638.0,80638.0,81462.0,-808.0
2024-01-23 04:00:00+00:00,77706.0,77706.0,79203.0,49.0
2024-01-23 05:00:00+00:00,74753.0,74753.0,76431.0,100.0
2024-01-23 06:00:00+00:00,72524.0,72524.0,73339.0,-597.0
2024-01-23 07:00:00+00:00,70437.0,70437.0,71251.0,-527.0
2024-01-23 08:00:00+00:00,68942.0,68942.0,70268.0,-46.0
2024-01-23 09:00:00+00:00,67990.0,67990.0,69311.0,28.0
2024-01-23 10:00:00+00:00,68182.0,68182.0,69464.0,-31.0
2024-01-23 11:00:00+00:00,69549.0,69549.0,71183.0,253.0
2024-01-23 12:00:00+00:00,72317.0,72317.0,73465.0,-263.0
2024-01-23 13:00:00+00:00,76671.0,76671.0,77863.0,-457.0
2024-01-23 14:00:00+00:00,79004.0,79004.0,80383.0,-218.0
2024-01-23 15:00:00+00:00,79181.0,79181.0,80635.0,-41.0
2024-01-23 16:00:00+00:00,79118.0,79118.0,80835.0,133.0
2024-01-23 17:00:00+00:00,79064.0,79064.0,80656.0,-42.0
2024-01-23 18:00:00+00:00,78639.0,78639.0,79095.0,-1234.0
2024-01-23 19:00:00+00:00,78486.0,78486.0,78500.0,-1377.0
2024-01-23 20:00:00+00:00,77966.0,77966.0,77814.0,-1605.0
2024-01-23 21:00:00+00:00,77262.0,77262.0,77104.0,-1522.0
2024-01-23 22:00:00+00:00,77005.0,77005.0,77344.0,-680.0
2024-01-23 23:00:00+00:00,77800.0,77800.0,78382.0,-859.0
2024-01-24 00:00:00+00:00,79673.0,79673.0,80375.0,-818.0
2024-01-24 01:00:00+00:00,79581.0,79581.0,80179.0,-925.0
2024-01-24 02:00:00+00:00,78378.0,78378.0,78745.0,-1055.0
2024-01-24 03:00:00+00:00,76320.0,76320.0,76571.0,-1095.0
2024-01-24 04:00:00+00:00,73723.0,73723.0,73942.0,-1090.0
2024-01-24 05:00:00+00:00,71106.0,71106.0,71357.0,-957.0
2024-01-24 06:00:00+00:00,68848.0,68848.0,67589.0,-2604.0
2024-01-24 07:00:00+00:00,67061.0,67061.0,64536.0,-3651.0
2024-01-24 08:00:00+00:00,65660.0,65660.0,62965.0,-3796.0
2024-01-24 09:00:00+00:00,65103.0,65103.0,61982.0,-4162.0
2024-01-24 10:00:00+00:00,65125.0,65125.0,62188.0,-3997.0
2024-01-24 11:00:00+00:00,66603.0,66603.0,63350.0,-4378.0
2024-01-24 12:00:00+00:00,68782.0,68782.0,66249.0,-3800.0
2024-01-24 13:00:00+00:00,73215.0,73215.0,70235.0,-4494.0
2024-01-24 14:00:00+00:00,75877.0,75877.0,72361.0,-5129.0
2024-01-24 15:00:00+00:00,76192.0,76192.0,72198.0,-5526.0
2024-01-24 16:00:00+00:00,76164.0,76164.0,72425.0,-5164.0
2024-01-24 17:00:00+00:00,76260.0,76260.0,73018.0,-4758.0
2024-01-24 18:00:00+00:00,76003.0,76003.0,71954.0,-5605.0
2024-01-24 19:00:00+00:00,75557.0,75557.0,71858.0,-5141.0
2024-01-24 20:00:00+00:00,75254.0,75254.0,71605.0,-5087.0
2024-01-24 21:00:00+00:00,74860.0,74860.0,70857.0,-5404.0
2024-01-24 22:00:00+00:00,74442.0,74442.0,70481.0,-5330.0
2024-01-24 23:00:00+00:00,75341.0,75341.0,71782.0,-5026.0
2024-01-25 00:00:00+00:00,77443.0,77443.0,72987.0,-6064.0
2024-01-25 01:00:00+00:00,77423.0,77423.0,72784.0,-6192.0
2024-01-25 02:00:00+00:00,76283.0,76283.0,71545.0,-6183.0
2024-01-25 03:00:00+00:00,74570.0,74570.0,70423.0,-5692.0
2024-01-25 04:00:00+00:00,72007.0,72007.0,67513.0,-5939.0
2024-01-25 05:00:00+00:00,69076.0,69076.0,65099.0,-5059.0
2024-01-25 06:00:00+00:00,66564.0,66564.0,62391.0,-5634.0
2024-01-25 07:00:00+00:00,64956.0,64956.0,59259.0,-6932.0
2024-01-25 08:00:00+00:00,63812.0,63812.0,57999.0,-7117.0
2024-01-25 09:00:00+00:00,63255.0,63255.0,57409.0,-7056.0
2024-01-25 10:00:00+00:00,63427.0,63427.0,57453.0,-7118.0
2024-01-25 11:00:00+00:00,64715.0,64715.0,59306.0,-6530.0
2024-01-25 12:00:00+00:00,67883.0,67883.0,62785.0,-6263.0
2024-01-25 13:00:00+00:00,72489.0,72489.0,67207.0,-6735.0
2024-01-25 14:00:00+00:00,75262.0,75262.0,69357.0,-7690.0
2024-01-25 15:00:00+00:00,75760.0,75760.0,68655.0,-8616.0
2024-01-25 16:00:00+00:00,75898.0,75898.0,69278.0,-8065.0
2024-01-25 17:00:00+00:00,75749.0,75749.0,69688.0,-7444.0
2024-01-25 18:00:00+00:00,75608.0,75608.0,69443.0,-7522.0
2024-01-25 19:00:00+00:00,75531.0,75531.0,69930.0,-6782.0
2024-01-25 20:00:00+00:00,75056.0,75056.0,69629.0,-6792.0
2024-01-25 21:00:00+00:00,74475.0,74475.0,69041.0,-6723.0
2024-01-25 22:00:00+00:00,74382.0,74382.0,69649.0,-6089.0
2024-01-25 23:00:00+00:00,75317.0,75317.0,70365.0,-6238.0
2024-01-26 00:00:00+00:00,76865.0,76865.0,71608.0,-6642.0
2024-01-26 01:00:00+00:00,77080.0,77080.0,71278.0,-7243.0
2024-01-26 02:00:00+00:00,76002.0,76002.0,70434.0,-6864.0
2024-01-26 03:00:00+00:00,74600.0,74600.0,69709.0,-6295.0
2024-01-26 04:00:00+00:00,72182.0,72182.0,67330.0,-6073.0
2024-01-26 05:00:00+00:00,69660.0,69660.0,65179.0,-5652.0
2024-01-26 06:00:00+00:00,67838.0,67838.0,63398.0,-5702.0
2024-01-26 07:00:00+00:00,66689.0,66689.0,61551.0,-6393.0
2024-01-26 08:00:00+00:00,65524.0,65524.0,60506.0,-6173.0
2024-01-26 09:00:00+00:00,64813.0,64813.0,59853.0,-6160.0
2024-01-26 10:00:00+00:00,64731.0,64731.0,59273.0,-6633.0
2024-01-26 11:00:00+00:00,65063.0,65063.0,60141.0,-6152.0
2024-01-26 12:00:00+00:00,68139.0,68139.0,63542.0,-5862.0
2024-01-26 13:00:00+00:00,72797.0,72797.0,67742.0,-6456.0
2024-01-26 14:00:00+00:00,75532.0,75532.0,71116.0,-5842.0
2024-01-26 15:00:00+00:00,76192.0,76192.0,72091.0,-5562.0
2024-01-26 16:00:00+00:00,76285.0,76285.0,72717.0,-5046.0
2024-01-26 17:00:00+00:00,76203.0,76203.0,72234.0,-5567.0
2024-01-26 18:00:00+00:00,75724.0,75724.0,71534.0,-5697.0
2024-01-26 19:00:00+00:00,75349.0,75349.0,70633.0,-6218.0
2024-01-26 20:00:00+00:00,74480.0,74480.0,69798.0,-6143.0
2024-01-26 21:00:00+00:00,73857.0,73857.0,69745.0,-5316.0
2024-01-26 22:00:00+00:00,73412.0,73412.0,70229.0,-4443.0
2024-01-26 23:00:00+00:00,74134.0,74134.0,71219.0,-4319.0
2024-01-27 00:00:00+00:00,75307.0,75307.0,71534.0,-5184.0
2024-01-27 01:00:00+00:00,75205.0,75205.0,71756.0,-4818.0
2024-01-27 02:00:00+00:00,73944.0,73944.0,70452.0,-4924.0
2024-01-27 03:00:00+00:00,72487.0,72487.0,68641.0,-5129.0
2024-01-27 04:00:00+00:00,70401.0,70401.0,66700.0,-4907.0
2024-01-27 05:00:00+00:00,67919.0,67919.0,64507.0,-4545.0
2024-01-27 06:00:00+00:00,65532.0,65532.0,61009.0,-5757.0
2024-01-27 07:00:00+00:00,64394.0,64394.0,59601.0,-5695.0
2024-01-27 08:00:00+00:00,63552.0,63552.0,58629.0,-5961.0
2024-01-27 09:00:00+00:00,62914.0,62914.0,57631.0,-6220.0
2024-01-27 10:00:00+00:00,62817.0,62817.0,57671.0,-6062.0
2024-01-27 11:00:00+00:00,63342.0,63342.0,58361.0,-5863.0
2024-01-27 12:00:00+00:00,64119.0,64119.0,59345.0,-5741.0
2024-01-27 13:00:00+00:00,65658.0,65658.0,60685.0,-6086.0
2024-01-27 14:00:00+00:00,67819.0,67819.0,63198.0,-5851.0
2024-01-27 15:00:00+00:00,69810.0,69810.0,65281.0,-5687.0
2024-01-27 16:00:00+00:00,71201.0,71201.0,66704.0,-5700.0
2024-01-27 17:00:00+00:00,71773.0,71773.0,67347.0,-5523.0
2024-01-27 18:00:00+00:00,71820.0,71820.0,67664.0,-5264.0
2024-01-27 19:00:00+00:00,71231.0,71231.0,66798.0,-5704.0
2024-01-27 20:00:00+00:00,70669.0,70669.0,66295.0,-5483.0
2024-01-27 21:00:00+00:00,70260.0,70260.0,65635.0,-5776.0
2024-01-27 22:00:00+00:00,70385.0,70385.0,66324.0,-5212.0
2024-01-27 23:00:00+00:00,71375.0,71375.0,67329.0,-5346.0
2024-01-28 00:00:00+00:00,73398.0,73398.0,69002.0,-5805.0
2024-01-28 01:00:00+00:00,73727.0,73727.0,69467.0,-5669.0
2024-01-28 02:00:00+00:00,72737.0,72737.0,68411.0,-5799.0
2024-01-28 03:00:00+00:00,71530.0,71530.0,67484.0,-5603.0
2024-01-28 04:00:00+00:00,69928.0,69928.0,65237.0,-6108.0
2024-01-28 05:00:00+00:00,67963.0,67963.0,63709.0,-5519.0
2024-01-28 06:00:00+00:00,65883.0,65883.0,60641.0,-6739.0
2024-01-28 07:00:00+00:00,64442.0,64442.0,58816.0,-6864.0
2024-01-28 08:00:00+00:00,63482.0,63482.0,58091.0,-6546.0
2024-01-28 09:00:00+00:00,63385.0,63385.0,58504.0,-5996.0
2024-01-28 10:00:00+00:00,63523.0,63523.0,59016.0,-5737.0
2024-01-28 11:00:00+00:00,63943.0,63943.0,59406.0,-5840.0
2024-01-28 12:00:00+00:00,64850.0,64850.0,60217.0,-5919.0
2024-01-28 13:00:00+00:00,66816.0,66816.0,62247.0,-5869.0
2024-01-28 14:00:00+00:00,69069.0,69069.0,64443.0,-5981.0
2024-01-28 15:00:00+00:00,71370.0,71370.0,67249.0,-5473.0
2024-01-28 16:00:00+00:00,72538.0,72538.0,69160.0,-4834.0
2024-01-28 17:00:00+00:00,72692.0,72692.0,69664.0,-4459.0
2024-01-28 18:00:00+00:00,72551.0,72551.0,69376.0,-4598.0
2024-01-28 19:00:00+00:00,72315.0,72315.0,69389.0,-4311.0
2024-01-28 20:00:00+00:00,71640.0,71640.0,68855.0,-4139.0
2024-01-28 21:00:00+00:00,71012.0,71012.0,68152.0,-4104.0
2024-01-28 22:00:00+00:00,70885.0,70885.0,68526.0,-3528.0
2024-01-28 23:00:00+00:00,72010.0,72010.0,69928.0,-3453.0
2024-01-29 00:00:00+00:00,74705.0,74705.0,72146.0,-4028.0
2024-01-29 01:00:00+00:00,76007.0,76007.0,73957.0,-3629.0
2024-01-29 02:00:00+00:00,75796.0,75796.0,74387.0,-3069.0
2024-01-29 03:00:00+00:00,74567.0,74567.0,73716.0,-2568.0
2024-01-29 04:00:00+00:00,73241.0,73241.0,72410.0,-2605.0
2024-01-29 05:00:00+00:00,70687.0,70687.0,69704.0,-2685.0
2024-01-29 06:00:00+00:00,69551.0,69551.0,68418.0,-2900.0
2024-01-29 07:00:00+00:00,69587.0,69587.0,68770.0,-2692.0
2024-01-29 08:00:00+00:00,68897.0,68897.0,68068.0,-2583.0
2024-01-29 09:00:00+00:00,68600.0,68600.0,67348.0,-2979.0
2024-01-29 10:00:00+00:00,68759.0,68759.0,68235.0,-2238.0
2024-01-29 11:00:00+00:00,70694.0,70694.0,70909.0,-1664.0
2024-01-29 12:00:00+00:00,74903.0,74903.0,74957.0,-2198.0
2024-01-29 13:00:00+00:00,80753.0,80753.0,80417.0,-2667.0
2024-01-29 14:00:00+00:00,83624.0,83624.0,83212.0,-2822.0
2024-01-29 15:00:00+00:00,83050.0,83050.0,83074.0,-2324.0
2024-01-29 16:00:00+00:00,80862.0,80862.0,79981.0,-3081.0
2024-01-29 17:00:00+00:00,78891.0,78891.0,78473.0,-2421.0
2024-01-29 18:00:00+00:00,76884.0,76884.0,77128.0,-1673.0
2024-01-29 19:00:00+00:00,75121.0,75121.0,75903.0,-1125.0
2024-01-29 20:00:00+00:00,73533.0,73533.0,74549.0,-1152.0
2024-01-29 21:00:00+00:00,72445.0,72445.0,73051.0,-1670.0
2024-01-29 22:00:00+00:00,72375.0,72375.0,73543.0,-1038.0
2024-01-29 23:00:00+00:00,73575.0,73575.0,75091.0,-826.0
2024-01-30 00:00:00+00:00,76424.0,76424.0,77759.0,-1512.0
2024-01-30 01:00:00+00:00,78168.0,78168.0,79838.0,-1287.0
2024-01-30 02:00:00+00:00,77778.0,77778.0,79481.0,-1140.0
2024-01-30 03:00:00+00:00,76635.0,76635.0,78701.0,-622.0
2024-01-30 04:00:00+00:00,74411.0,74411.0,76522.0,-582.0
2024-01-30 05:00:00+00:00,72070.0,72070.0,73968.0,-634.0
2024-01-30 06:00:00+00:00,70390.0,70390.0,71929.0,-969.0
2024-01-30 07:00:00+00:00,69073.0,69073.0,71348.0,-104.0
2024-01-30 08:00:00+00:00,68111.0,68111.0,69942.0,-480.0
2024-01-30 09:00:00+00:00,67443.0,67443.0,69365.0,-265.0
2024-01-30 10:00:00+00:00,67628.0,67628.0,69857.0,62.0
2024-01-30 11:00:00+00:00,69297.0,69297.0,71423.0,-145.0
2024-01-30 12:00:00+00:00,73318.0,73318.0,75817.0,63.0
2024-01-30 13:00:00+00:00,78535.0,78535.0,80866.0,-501.0
2024-01-30 14:00:00+00:00,81000.0,81000.0,82902.0,-920.0
2024-01-30 15:00:00+00:00,80578.0,80578.0,80961.0,-2388.0
2024-01-30 16:00:00+00:00,79267.0,79267.0,78666.0,-2914.0
2024-01-30 17:00:00+00:00,78146.0,78146.0,77492.0,-2904.0
2024-01-30 18:00:00+00:00,76891.0,76891.0,75667.0,-3349.0
2024-01-30 19:00:00+00:00,75584.0,75584.0,74106.0,-3460.0
2024-01-30 20:00:00+00:00,74954.0,74954.0,73591.0,-3439.0
2024-01-30 21:00:00+00:00,74022.0,74022.0,72394.0,-3562.0
2024-01-30 22:00:00+00:00,73778.0,73778.0,72574.0,-3045.0
2024-01-30 23:00:00+00:00,74593.0,74593.0,73784.0,-2770.0
2024-01-31 00:00:00+00:00,76507.0,76507.0,75588.0,-2927.0
2024-01-31 01:00:00+00:00,77432.0,77432.0,75942.0,-3453.0
2024-01-31 02:00:00+00:00,76890.0,76890.0,75098.0,-3539.0
2024-01-31 03:00:00+00:00,75296.0,75296.0,73555.0,-3472.0
2024-01-31 04:00:00+00:00,72890.0,72890.0,71329.0,-3089.0
2024-01-31 05:00:00+00:00,70221.0,70221.0,69099.0,-2564.0
2024-01-31 06:00:00+00:00,68286.0,68286.0,67092.0,-2802.0
2024-01-31 07:00:00+00:00,66711.0,66711.0,65157.0,-3109.0
2024-01-31 08:00:00+00:00,66492.0,66492.0,65263.0,-2745.0
2024-01-31 09:00:00+00:00,66391.0,66391.0,65253.0,-2757.0
2024-01-31 10:00:00+00:00,66173.0,66173.0,65095.0,-2702.0
2024-01-31 11:00:00+00:00,67365.0,67365.0,66759.0,-2234.0
2024-01-31 12:00:00+00:00,71369.0,71369.0,71262.0,-1928.0
2024-01-31 13:00:00+00:00,76668.0,76668.0,76910.0,-1879.0
2024-01-31 14:00:00+00:00,79111.0,79111.0,78985.0,-2396.0
2024-01-31 15:00:00+00:00,78035.0,78035.0,77792.0,-2600.0
2024-01-31 16:00:00+00:00,76221.0,76221.0,75253.0,-3043.0
2024-01-31 17:00:00+00:00,74400.0,74400.0,73779.0,-2551.0
2024-01-31 18:00:00+00:00,72862.0,72862.0,71980.0,-2676.0
2024-01-31 19:00:00+00:00,71663.0,71663.0,70388.0,-2946.0
2024-01-31 20:00:00+00:00,70788.0,70788.0,69563.0,-2740.0
2024-01-31 21:00:00+00:00,70064.0,70064.0,68785.0,-2730.0
2024-01-31 22:00:00+00:00,69977.0,69977.0,68685.0,-2715.0
2024-01-31 23:00:00+00:00,71338.0,71338.0,70129.0,-2730.0
2024-02-01 00:00:00+00:00,74224.0,74224.0,72984.0,-2909.0
2024-02-01 01:00:00+00:00,75771.0,75771.0,75183.0,-2586.0
2024-02-01 02:00:00+00:00,75426.0,75426.0,75276.0,-2159.0
2024-02-01 03:00:00+00:00,74385.0,74385.0,74224.0,-2302.0
2024-02-01 04:00:00+00:00,72488.0,72488.0,72452.0,-2157.0
2024-02-01 05:00:00+00:00,70302.0,70302.0,70020.0,-2343.0
2024-02-01 06:00:00+00:00,68805.0,68805.0,68623.0,-2246.0
2024-02-01 07:00:00+00:00,67667.0,67667.0,66434.0,-3199.0
2024-02-01 08:00:00+00:00,66748.0,66748.0,65001.0,-3630.0
2024-02-01 09:00:00+00:00,66804.0,66804.0,65365.0,-3157.0
2024-02-01 10:00:00+00:00,67374.0,67374.0,66190.0,-3059.0
2024-02-01 11:00:00+00:00,68083.0,68083.0,66945.0,-2857.0
2024-02-01 12:00:00+00:00,72056.0,72056.0,71317.0,-2671.0
2024-02-01 13:00:00+00:00,77366.0,77366.0,76538.0,-2974.0
2024-02-01 14:00:00+00:00,79745.0,79745.0,78946.0,-2867.0
2024-02-01 15:00:00+00:00,78436.0,78436.0,77029.0,-3590.0
2024-02-01 16:00:00+00:00,76159.0,76159.0,73469.0,-4651.0
2024-02-01 17:00:00+00:00,73996.0,73996.0,70547.0,-5116.0
2024-02-01 18:00:00+00:00,71959.0,71959.0,68009.0,-5523.0
2024-02-01 19:00:00+00:00,70439.0,70439.0,67182.0,-4602.0
2024-02-01 20:00:00+00:00,69565.0,69565.0,66379.0,-4674.0
2024-02-01 21:00:00+00:00,68947.0,68947.0,65910.0,-4398.0
2024-02-01 22:00:00+00:00,68940.0,68940.0,66542.0,-3856.0
2024-02-01 23:00:00+00:00,70208.0,70208.0,68576.0,-3216.0
2024-02-02 00:00:00+00:00,72560.0,72560.0,71417.0,-3162.0
2024-02-02 01:00:00+00:00,73991.0,73991.0,73018.0,-3159.0
2024-02-02 02:00:00+00:00,73680.0,73680.0,73185.0,-2692.0
2024-02-02 03:00:00+00:00,72128.0,72128.0,71803.0,-2690.0
2024-02-02 04:00:00+00:00,70266.0,70266.0,70015.0,-2568.0
2024-02-02 05:00:00+00:00,67979.0,67979.0,68157.0,-2188.0
2024-02-02 06:00:00+00:00,65994.0,65994.0,64736.0,-3642.0
2024-02-02 07:00:00+00:00,65019.0,65019.0,63283.0,-3723.0
2024-02-02 08:00:00+00:00,64439.0,64439.0,63214.0,-3169.0
2024-02-02 09:00:00+00:00,64446.0,64446.0,63553.0,-2962.0
2024-02-02 10:00:00+00:00,65082.0,65082.0,64017.0,-3103.0
2024-02-02 11:00:00+00:00,65925.0,65925.0,65249.0,-2853.0
2024-02-02 12:00:00+00:00,69255.0,69255.0,68696.0,-2996.0
2024-02-02 13:00:00+00:00,74559.0,74559.0,72950.0,-4189.0
2024-02-02 14:00:00+00:00,77032.0,77032.0,74741.0,-4822.0
2024-02-02 15:00:00+00:00,76490.0,76490.0,73893.0,-5011.0
2024-02-02 16:00:00+00:00,74739.0,74739.0,72755.0,-4311.0
2024-02-02 17:00:00+00:00,73316.0,73316.0,71701.0,-3844.0
2024-02-02 18:00:00+00:00,72244.0,72244.0,70964.0,-3550.0
2024-02-02 19:00:00+00:00,71490.0,71490.0,70244.0,-3379.0
2024-02-02 20:00:00+00:00,70654.0,70654.0,69370.0,-3514.0
2024-02-02 21:00:00+00:00,69953.0,69953.0,68090.0,-4053.0
2024-02-02 22:00:00+00:00,69876.0,69876.0,68205.0,-3829.0
2024-02-02 23:00:00+00:00,70770.0,70770.0,69675.0,-3595.0
2024-02-03 00:00:00+00:00,72527.0,72527.0,71346.0,-3844.0
2024-02-03 01:00:00+00:00,73121.0,73121.0,72199.0,-3696.0
2024-02-03 02:00:00+00:00,72135.0,72135.0,71668.0,-3308.0
2024-02-03 03:00:00+00:00,70998.0,70998.0,71044.0,-2537.0
2024-02-03 04:00:00+00:00,69130.0,69130.0,69570.0,-2064.0
2024-02-03 05:00:00+00:00,67050.0,67050.0,67206.0,-2091.0
2024-02-03 06:00:00+00:00,64735.0,64735.0,65149.0,-1793.0
2024-02-03 07:00:00+00:00,63603.0,63603.0,63472.0,-2166.0
2024-02-03 08:00:00+00:00,63103.0,63103.0,63051.0,-2045.0
2024-02-03 09:00:00+00:00,62740.0,62740.0,62558.0,-2109.0
2024-02-03 10:00:00+00:00,62660.0,62660.0,62447.0,-2331.0
2024-02-03 11:00:00+00:00,63092.0,63092.0,63065.0,-2115.0
2024-02-03 12:00:00+00:00,64272.0,64272.0,64555.0,-1925.0
2024-02-03 13:00:00+00:00,66492.0,66492.0,65567.0,-3332.0
2024-02-03 14:00:00+00:00,68346.0,68346.0,67219.0,-3525.0
2024-02-03 15:00:00+00:00,69846.0,69846.0,68665.0,-3493.0
2024-02-03 16:00:00+00:00,70429.0,70429.0,68193.0,-4597.0
2024-02-03 17:00:00+00:00,70074.0,70074.0,66608.0,-5657.0
2024-02-03 18:00:00+00:00,69206.0,69206.0,65359.0,-5673.0
2024-02-03 19:00:00+00:00,67729.0,67729.0,63571.0,-5849.0
2024-02-03 20:00:00+00:00,66554.0,66554.0,62131.0,-5913.0
2024-02-03 21:00:00+00:00,65649.0,65649.0,61692.0,-5450.0
2024-02-03 22:00:00+00:00,65795.0,65795.0,62855.0,-4374.0
2024-02-03 23:00:00+00:00,67218.0,67218.0,65284.0,-3697.0
2024-02-04 00:00:00+00:00,70377.0,70377.0,68589.0,-3666.0
2024-02-04 01:00:00+00:00,71136.0,71136.0,69664.0,-3459.0
2024-02-04 02:00:00+00:00,70454.0,70454.0,69332.0,-3080.0
2024-02-04 03:00:00+00:00,69523.0,69523.0,68194.0,-3067.0
2024-02-04 04:00:00+00:00,67939.0,67939.0,66707.0,-2936.0
2024-02-04 05:00:00+00:00,65945.0,65945.0,65068.0,-2485.0
2024-02-04 06:00:00+00:00,64008.0,64008.0,62586.0,-3003.0
2024-02-04 07:00:00+00:00,62637.0,62637.0,60590.0,-3499.0
2024-02-04 08:00:00+00:00,61515.0,61515.0,59771.0,-3154.0
2024-02-04 09:00:00+00:00,61208.0,61208.0,59526.0,-3072.0
2024-02-04 10:00:00+00:00,61191.0,61191.0,59872.0,-2715.0
2024-02-04 11:00:00+00:00,61697.0,61697.0,60233.0,-2965.0
2024-02-04 12:00:00+00:00,62778.0,62778.0,60977.0,-3349.0
2024-02-04 13:00:00+00:00,64982.0,64982.0,62924.0,-3590.0
2024-02-04 14:00:00+00:00,66702.0,66702.0,63797.0,-4666.0
2024-02-04 15:00:00+00:00,67602.0,67602.0,63722.0,-5512.0
2024-02-04 16:00:00+00:00,67401.0,67401.0,62317.0,-6501.0
2024-02-04 17:00:00+00:00,66640.0,66640.0,61227.0,-6729.0
2024-02-04 18:00:00+00:00,65505.0,65505.0,60545.0,-6190.0
2024-02-04 19:00:00+00:00,64843.0,64843.0,60168.0,-5860.0
2024-02-04 20:00:00+00:00,63775.0,63775.0,58933.0,-6090.0
2024-02-04 21:00:00+00:00,63406.0,63406.0,58502.0,-6142.0
2024-02-04 22:00:00+00:00,64038.0,64038.0,59878.0,-5470.0
2024-02-04 23:00:00+00:00,66310.0,66310.0,63142.0,-4650.0
2024-02-05 00:00:00+00:00,69875.0,69875.0,67016.0,-4531.0
2024-02-05 01:00:00+00:00,71729.0,71729.0,69156.0,-4341.0
2024-02-05 02:00:00+00:00,71206.0,71206.0,68904.0,-4155.0
2024-02-05 03:00:00+00:00,70884.0,70884.0,68326.0,-4343.0
2024-02-05 04:00:00+00:00,69025.0,69025.0,66008.0,-4604.0
2024-02-05 05:00:00+00:00,66757.0,66757.0,63809.0,-4310.0
2024-02-05 06:00:00+00:00,64788.0,64788.0,62474.0,-3698.0
2024-02-05 07:00:00+00:00,63665.0,63665.0,61179.0,-3730.0
2024-02-05 08:00:00+00:00,63259.0,63259.0,60827.0,-3674.0
2024-02-05 09:00:00+00:00,63354.0,63354.0,61141.0,-3468.0
2024-02-05 10:00:00+00:00,64197.0,64197.0,62053.0,-3452.0
2024-02-05 11:00:00+00:00,66125.0,66125.0,64167.0,-3291.0
2024-02-05 12:00:00+00:00,70202.0,70202.0,68493.0,-3336.0
2024-02-05 13:00:00+00:00,76090.0,76090.0,73958.0,-3856.0
2024-02-05 14:00:00+00:00,78611.0,78611.0,74760.0,-5574.0
2024-02-05 15:00:00+00:00,78118.0,78118.0,73184.0,-6429.0
2024-02-05 16:00:00+00:00,76686.0,76686.0,71396.0,-6754.0
2024-02-05 17:00:00+00:00,75372.0,75372.0,70555.0,-6176.0
2024-02-05 18:00:00+00:00,73826.0,73826.0,69342.0,-5873.0
2024-02-05 19:00:00+00:00,72483.0,72483.0,68273.0,-5661.0
2024-02-05 20:00:00+00:00,71316.0,71316.0,67301.0,-5371.0
2024-02-05 21:00:00+00:00,70109.0,70109.0,66016.0,-5482.0
2024-02-05 22:00:00+00:00,69769.0,69769.0,65635.0,-5494.0
2024-02-05 23:00:00+00:00,71046.0,71046.0,67331.0,-5047.0
2024-02-06 00:00:00+00:00,73801.0,73801.0,70372.0,-5024.0
2024-02-06 01:00:00+00:00,75950.0,75950.0,72824.0,-5000.0
2024-02-06 02:00:00+00:00,75660.0,75660.0,72237.0,-5162.0
2024-02-06 03:00:00+00:00,74520.0,74520.0,71766.0,-4533.0
2024-02-06 04:00:00+00:00,72217.0,72217.0,69814.0,-4197.0
2024-02-06 05:00:00+00:00,69742.0,69742.0,67934.0,-3534.0
2024-02-06 06:00:00+00:00,68403.0,68403.0,67842.0,-2253.0
2024-02-06 07:00:00+00:00,67491.0,67491.0,67268.0,-2091.0
2024-02-06 08:00:00+00:00,66733.0,66733.0,66417.0,-2106.0
2024-02-06 09:00:00+00:00,66860.0,66860.0,66515.0,-2221.0
2024-02-06 10:00:00+00:00,67311.0,67311.0,67182.0,-2094.0
2024-02-06 11:00:00+00:00,68774.0,68774.0,68638.0,-2081.0
2024-02-06 12:00:00+00:00,72760.0,72760.0,73109.0,-1686.0
2024-02-06 13:00:00+00:00,78271.0,78271.0,78981.0,-1609.0
2024-02-06 14:00:00+00:00,80692.0,80692.0,81741.0,-1417.0
2024-02-06 15:00:00+00:00,79264.0,79264.0,78987.0,-2567.0
2024-02-06 16:00:00+00:00,77047.0,77047.0,76512.0,-2630.0
2024-02-06 17:00:00+00:00,74836.0,74836.0,73760.0,-3064.0
2024-02-06 18:00:00+00:00,72911.0,72911.0,71997.0,-2764.0
2024-02-06 19:00:00+00:00,71357.0,71357.0,70227.0,-2862.0
2024-02-06 20:00:00+00:00,69912.0,69912.0,68556.0,-2914.0
2024-02-06 21:00:00+00:00,68683.0,68683.0,67090.0,-3071.0
2024-02-06 22:00:00+00:00,68566.0,68566.0,66728.0,-3315.0
2024-02-06 23:00:00+00:00,69865.0,69865.0,68846.0,-2533.0
2024-02-07 00:00:00+00:00,72901.0,72901.0,72133.0,-2456.0
2024-02-07 01:00:00+00:00,75182.0,75182.0,75581.0,-1648.0
2024-02-07 02:00:00+00:00,74825.0,74825.0,75488.0,-1449.0
2024-02-07 03:00:00+00:00,73985.0,73985.0,75321.0,-929.0
2024-02-07 04:00:00+00:00,71836.0,71836.0,73035.0,-1161.0
2024-02-07 05:00:00+00:00,69617.0,69617.0,70845.0,-915.0
2024-02-07 06:00:00+00:00,67504.0,67504.0,69358.0,-257.0
2024-02-07 07:00:00+00:00,66358.0,66358.0,68263.0,-177.0
2024-02-07 08:00:00+00:00,65814.0,65814.0,67697.0,-148.0
2024-02-07 09:00:00+00:00,65860.0,65860.0,67948.0,141.0
2024-02-07 10:00:00+00:00,66254.0,66254.0,68431.0,162.0
2024-02-07 11:00:00+00:00,67481.0,67481.0,69807.0,88.0
2024-02-07 12:00:00+00:00,71434.0,71434.0,73771.0,-71.0
2024-02-07 13:00:00+00:00,76894.0,76894.0,78881.0,-666.0
2024-02-07 14:00:00+00:00,79023.0,79023.0,80527.0,-923.0
2024-02-07 15:00:00+00:00,77767.0,77767.0,78547.0,-1610.0
2024-02-07 16:00:00+00:00,75581.0,75581.0,75442.0,-2409.0
2024-02-07 17:00:00+00:00,74129.0,74129.0,73922.0,-2570.0
2024-02-07 18:00:00+00:00,72628.0,72628.0,71456.0,-3417.0
2024-02-07 19:00:00+00:00,71648.0,71648.0,70172.0,-3670.0
2024-02-07 20:00:00+00:00,70861.0,70861.0,68877.0,-4106.0
2024-02-07 21:00:00+00:00,69869.0,69869.0,68479.0,-3570.0
2024-02-07 22:00:00+00:00,69358.0,69358.0,68551.0,-2984.0
2024-02-07 23:00:00+00:00,70217.0,70217.0,69736.0,-2711.0
2024-02-08 00:00:00+00:00,72702.0,72702.0,72818.0,-2304.0
2024-02-08 01:00:00+00:00,74040.0,74040.0,75063.0,-1363.0
2024-02-08 02:00:00+00:00,73387.0,73387.0,75260.0,-622.0
2024-02-08 03:00:00+00:00,72301.0,72301.0,74352.0,-403.0
2024-02-08 04:00:00+00:00,70103.0,70103.0,71899.0,-531.0
2024-02-08 05:00:00+00:00,67397.0,67397.0,69172.0,-540.0
2024-02-08 06:00:00+00:00,65050.0,65050.0,66298.0,-1102.0
2024-02-08 07:00:00+00:00,63392.0,63392.0,65174.0,-442.0
2024-02-08 08:00:00+00:00,62330.0,62330.0,63914.0,-705.0
2024-02-08 09:00:00+00:00,61789.0,61789.0,62936.0,-1171.0
2024-02-08 10:00:00+00:00,61993.0,61993.0,63350.0,-1127.0
2024-02-08 11:00:00+00:00,63293.0,63293.0,64599.0,-1120.0
2024-02-08 12:00:00+00:00,66473.0,66473.0,67831.0,-1209.0
2024-02-08 13:00:00+00:00,71518.0,71518.0,72666.0,-1560.0
2024-02-08 14:00:00+00:00,73267.0,73267.0,74253.0,-1779.0
2024-02-08 15:00:00+00:00,72816.0,72816.0,73024.0,-2547.0
2024-02-08 16:00:00+00:00,71977.0,71977.0,70819.0,-3766.0
2024-02-08 17:00:00+00:00,71227.0,71227.0,69194.0,-4517.0
2024-02-08 18:00:00+00:00,70358.0,70358.0,68536.0,-4417.0
2024-02-08 19:00:00+00:00,69918.0,69918.0,68598.0,-3851.0
2024-02-08 20:00:00+00:00,69479.0,69479.0,68278.0,-3704.0
2024-02-08 21:00:00+00:00,68679.0,68679.0,68083.0,-2969.0
2024-02-08 22:00:00+00:00,68508.0,68508.0,68193.0,-2894.0
2024-02-08 23:00:00+00:00,69420.0,69420.0,69451.0,-2577.0
2024-02-09 00:00:00+00:00,71241.0,71241.0,71286.0,-2525.0
2024-02-09 01:00:00+00:00,72274.0,72274.0,72004.0,-2809.0
2024-02-09 02:00:00+00:00,71326.0,71326.0,71264.0,-2516.0
2024-02-09 03:00:00+00:00,69717.0,69717.0,70481.0,-1690.0
2024-02-09 04:00:00+00:00,67462.0,67462.0,67612.0,-2193.0
2024-02-09 05:00:00+00:00,64989.0,64989.0,64950.0,-2299.0
2024-02-09 06:00:00+00:00,62795.0,62795.0,61719.0,-3420.0
2024-02-09 07:00:00+00:00,61207.0,61207.0,58602.0,-4628.0
2024-02-09 08:00:00+00:00,60040.0,60040.0,57451.0,-4509.0
2024-02-09 09:00:00+00:00,59355.0,59355.0,57334.0,-3887.0
2024-02-09 10:00:00+00:00,59425.0,59425.0,57862.0,-3543.0
2024-02-09 11:00:00+00:00,60371.0,60371.0,58974.0,-3294.0
2024-02-09 12:00:00+00:00,63716.0,63716.0,62374.0,-3359.0
2024-02-09 13:00:00+00:00,68399.0,68399.0,66666.0,-3820.0
2024-02-09 14:00:00+00:00,70682.0,70682.0,68248.0,-4560.0
2024-02-09 15:00:00+00:00,70817.0,70817.0,67750.0,-5205.0
2024-02-09 16:00:00+00:00,70605.0,70605.0,67261.0,-5302.0
2024-02-09 17:00:00+00:00,70439.0,70439.0,66749.0,-5753.0
2024-02-09 18:00:00+00:00,69821.0,69821.0,65722.0,-5943.0
2024-02-09 19:00:00+00:00,69166.0,69166.0,65272.0,-5796.0
2024-02-09 20:00:00+00:00,68843.0,68843.0,64681.0,-6127.0
2024-02-09 21:00:00+00:00,68265.0,68265.0,63653.0,-6525.0
2024-02-09 22:00:00+00:00,67836.0,67836.0,63573.0,-6082.0
2024-02-09 23:00:00+00:00,68706.0,68706.0,64894.0,-5637.0
2024-02-10 00:00:00+00:00,70009.0,70009.0,66015.0,-5871.0
2024-02-10 01:00:00+00:00,70532.0,70532.0,66384.0,-6072.0
2024-02-10 02:00:00+00:00,69318.0,69318.0,65181.0,-5918.0
2024-02-10 03:00:00+00:00,67893.0,67893.0,64292.0,-5277.0
2024-02-10 04:00:00+00:00,65754.0,65754.0,62210.0,-5164.0
2024-02-10 05:00:00+00:00,63733.0,63733.0,60749.0,-4375.0
2024-02-10 06:00:00+00:00,62293.0,62293.0,58697.0,-5305.0
2024-02-10 07:00:00+00:00,60863.0,60863.0,56606.0,-5766.0
2024-02-10 08:00:00+00:00,59781.0,59781.0,56016.0,-5402.0
2024-02-10 09:00:00+00:00,59077.0,59077.0,55910.0,-4853.0
2024-02-10 10:00:00+00:00,58933.0,58933.0,55810.0,-4794.0
2024-02-10 11:00:00+00:00,59058.0,59058.0,55720.0,-4979.0
2024-02-10 12:00:00+00:00,59628.0,59628.0,57070.0,-4137.0
2024-02-10 13:00:00+00:00,62002.0,62002.0,59512.0,-4158.0
2024-02-10 14:00:00+00:00,63933.0,63933.0,61383.0,-4257.0
2024-02-10 15:00:00+00:00,65904.0,65904.0,62965.0,-4594.0
2024-02-10 16:00:00+00:00,66577.0,66577.0,63968.0,-4280.0
2024-02-10 17:00:00+00:00,66758.0,66758.0,62825.0,-5551.0
2024-02-10 18:00:00+00:00,66692.0,66692.0,62705.0,-5425.0
2024-02-10 19:00:00+00:00,66226.0,66226.0,62228.0,-5461.0
2024-02-10 20:00:00+00:00,65666.0,65666.0,61615.0,-5585.0
2024-02-10 21:00:00+00:00,65726.0,65726.0,60609.0,-6637.0
2024-02-10 22:00:00+00:00,66276.0,66276.0,61641.0,-5993.0
2024-02-10 23:00:00+00:00,67372.0,67372.0,61409.0,-7537.0
2024-02-11 00:00:00+00:00,69443.0,69443.0,63026.0,-7801.0
2024-02-11 01:00:00+00:00,70215.0,70215.0,63967.0,-7711.0
2024-02-11 02:00:00+00:00,69467.0,69467.0,63494.0,-7472.0
2024-02-11 03:00:00+00:00,68375.0,68375.0,62819.0,-6923.0
2024-02-11 04:00:00+00:00,66843.0,66843.0,61724.0,-6463.0
2024-02-11 05:00:00+00:00,64847.0,64847.0,59881.0,-6192.0
2024-02-11 06:00:00+00:00,63037.0,63037.0,57496.0,-6995.0
2024-02-11 07:00:00+00:00,61827.0,61827.0,55228.0,-7874.0
2024-02-11 08:00:00+00:00,60923.0,60923.0,54221.0,-7870.0
2024-02-11 09:00:00+00:00,60479.0,60479.0,53849.0,-7763.0
2024-02-11 10:00:00+00:00,60326.0,60326.0,53581.0,-7956.0
2024-02-11 11:00:00+00:00,60872.0,60872.0,54080.0,-7943.0
2024-02-11 12:00:00+00:00,61690.0,61690.0,54979.0,-7869.0
2024-02-11 13:00:00+00:00,63513.0,63513.0,56988.0,-7735.0
2024-02-11 14:00:00+00:00,65180.0,65180.0,59107.0,-7267.0
2024-02-11 15:00:00+00:00,66121.0,66121.0,60535.0,-6887.0
2024-02-11 16:00:00+00:00,66377.0,66377.0,60526.0,-6916.0
2024-02-11 17:00:00+00:00,66140.0,66140.0,61556.0,-5769.0
2024-02-11 18:00:00+00:00,65944.0,65944.0,62377.0,-4824.0
2024-02-11 19:00:00+00:00,65925.0,65925.0,62648.0,-4667.0
2024-02-11 20:00:00+00:00,65623.0,65623.0,62272.0,-4702.0
2024-02-11 21:00:00+00:00,65454.0,65454.0,62270.0,-4506.0
2024-02-11 22:00:00+00:00,65833.0,65833.0,63167.0,-4155.0
2024-02-11 23:00:00+00:00,67664.0,67664.0,64869.0,-4407.0
2024-02-12 00:00:00+00:00,69688.0,69688.0,66338.0,-5021.0
2024-02-12 01:00:00+00:00,69892.0,69892.0,66667.0,-5014.0
2024-02-12 02:00:00+00:00,69042.0,69042.0,65807.0,-5033.0
2024-02-12 03:00:00+00:00,68507.0,68507.0,66159.0,-4362.0
2024-02-12 04:00:00+00:00,66723.0,66723.0,64556.0,-4181.0
2024-02-12 05:00:00+00:00,66152.0,66152.0,63930.0,-4099.0
2024-02-12 06:00:00+00:00,64854.0,64854.0,63169.0,-3614.0
2024-02-12 07:00:00+00:00,63211.0,63211.0,61853.0,-3248.0
2024-02-12 08:00:00+00:00,62506.0,62506.0,61067.0,-3241.0
2024-02-12 09:00:00+00:00,62189.0,62189.0,60427.0,-3421.0
2024-02-12 10:00:00+00:00,62312.0,62312.0,60240.0,-3648.0
2024-02-12 11:00:00+00:00,63795.0,63795.0,62100.0,-3152.0
2024-02-12 12:00:00+00:00,67892.0,67892.0,66193.0,-3315.0
2024-02-12 13:00:00+00:00,73073.0,73073.0,70242.0,-4477.0
2024-02-12 14:00:00+00:00,75413.0,75413.0,72524.0,-4450.0
2024-02-12 15:00:00+00:00,75389.0,75389.0,71887.0,-4886.0
2024-02-12 16:00:00+00:00,74593.0,74593.0,71378.0,-4333.0
2024-02-12 17:00:00+00:00,73703.0,73703.0,70157.0,-4719.0
2024-02-12 18:00:00+00:00,72902.0,72902.0,70057.0,-4098.0
2024-02-12 19:00:00+00:00,72338.0,72338.0,69924.0,-3631.0
2024-02-12 20:00:00+00:00,71572.0,71572.0,68989.0,-3822.0
2024-02-12 21:00:00+00:00,70931.0,70931.0,69324.0,-2964.0
2024-02-12 22:00:00+00:00,70916.0,70916.0,69219.0,-3131.0
2024-02-12 23:00:00+00:00,72628.0,72628.0,70523.0,-3666.0
2024-02-13 00:00:00+00:00,75154.0,75154.0,72685.0,-4183.0
2024-02-13 01:00:00+00:00,77360.0,77360.0,74965.0,-4152.0
2024-02-13 02:00:00+00:00,77002.0,77002.0,74834.0,-3798.0
2024-02-13 03:00:00+00:00,75686.0,75686.0,73399.0,-4018.0
2024-02-13 04:00:00+00:00,73542.0,73542.0,70955.0,-4141.0
2024-02-13 05:00:00+00:00,71112.0,71112.0,69383.0,-3015.0
2024-02-13 06:00:00+00:00,69851.0,69851.0,67717.0,-3714.0
2024-02-13 07:00:00+00:00,68873.0,68873.0,65403.0,-4911.0
2024-02-13 08:00:00+00:00,67859.0,67859.0,63853.0,-5483.0
2024-02-13 09:00:00+00:00,68076.0,68076.0,64123.0,-5423.0
2024-02-13 10:00:00+00:00,68240.0,68240.0,64630.0,-5042.0
2024-02-13 11:00:00+00:00,69651.0,69651.0,66455.0,-4678.0
2024-02-13 12:00:00+00:00,73667.0,73667.0,70258.0,-5039.0
2024-02-13 13:00:00+00:00,78870.0,78870.0,75447.0,-5093.0
2024-02-13 14:00:00+00:00,80804.0,80804.0,78120.0,-4330.0
2024-02-13 15:00:00+00:00,79319.0,79319.0,77177.0,-3745.0
2024-02-13 16:00:00+00:00,77178.0,77178.0,75048.0,-3676.0
2024-02-13 17:00:00+00:00,75486.0,75486.0,73151.0,-3663.0
2024-02-13 18:00:00+00:00,73602.0,73602.0,71347.0,-3704.0
2024-02-13 19:00:00+00:00,72219.0,72219.0,69316.0,-4330.0
2024-02-13 20:00:00+00:00,70842.0,70842.0,67817.0,-4457.0
2024-02-13 21:00:00+00:00,69983.0,69983.0,66701.0,-4711.0
2024-02-13 22:00:00+00:00,69696.0,69696.0,65819.0,-5330.0
2024-02-13 23:00:00+00:00,70791.0,70791.0,67415.0,-4934.0
2024-02-14 00:00:00+00:00,73056.0,73056.0,69690.0,-5044.0
2024-02-14 01:00:00+00:00,75354.0,75354.0,72286.0,-4675.0
2024-02-14 02:00:00+00:00,75219.0,75219.0,72857.0,-3946.0
2024-02-14 03:00:00+00:00,74316.0,74316.0,72467.0,-3467.0
2024-02-14 04:00:00+00:00,72699.0,72699.0,71088.0,-3120.0
2024-02-14 05:00:00+00:00,70592.0,70592.0,69056.0,-3014.0
2024-02-14 06:00:00+00:00,68442.0,68442.0,67574.0,-2260.0
2024-02-14 07:00:00+00:00,67173.0,67173.0,66508.0,-2085.0
2024-02-14 08:00:00+00:00,66808.0,66808.0,66170.0,-2094.0
2024-02-14 09:00:00+00:00,66385.0,66385.0,65856.0,-2098.0
2024-02-14 10:00:00+00:00,66811.0,66811.0,66489.0,-1933.0
2024-02-14 11:00:00+00:00,68421.0,68421.0,68598.0,-1571.0
2024-02-14 12:00:00+00:00,72793.0,72793.0,73046.0,-1659.0
2024-02-14 13:00:00+00:00,78297.0,78297.0,78201.0,-2117.0
2024-02-14 14:00:00+00:00,80009.0,80009.0,80269.0,-1675.0
2024-02-14 15:00:00+00:00,77709.0,77709.0,76247.0,-3333.0
2024-02-14 16:00:00+00:00,75001.0,75001.0,73373.0,-3114.0
2024-02-14 17:00:00+00:00,72982.0,72982.0,70740.0,-3736.0
2024-02-14 18:00:00+00:00,71237.0,71237.0,69158.0,-3518.0
2024-02-14 19:00:00+00:00,69912.0,69912.0,68359.0,-3255.0
2024-02-14 20:00:00+00:00,69066.0,69066.0,67240.0,-3627.0
2024-02-14 21:00:00+00:00,68554.0,68554.0,67098.0,-3291.0
2024-02-14 22:00:00+00:00,68409.0,68409.0,67399.0,-2965.0
2024-02-14 23:00:00+00:00,69219.0,69219.0,69124.0,-2242.0
2024-02-15 00:00:00+00:00,71581.0,71581.0,71272.0,-2513.0
2024-02-15 01:00:00+00:00,73386.0,73386.0,73778.0,-1997.0
2024-02-15 02:00:00+00:00,72895.0,72895.0,72991.0,-2327.0
2024-02-15 03:00:00+00:00,71905.0,71905.0,72212.0,-2153.0
2024-02-15 04:00:00+00:00,70333.0,70333.0,70539.0,-2226.0
2024-02-15 05:00:00+00:00,67905.0,67905.0,68376.0,-1804.0
2024-02-15 06:00:00+00:00,66468.0,66468.0,66614.0,-2328.0
2024-02-15 07:00:00+00:00,65264.0,65264.0,65847.0,-1678.0
2024-02-15 08:00:00+00:00,64462.0,64462.0,64546.0,-2340.0
2024-02-15 09:00:00+00:00,64351.0,64351.0,64546.0,-1978.0
2024-02-15 10:00:00+00:00,64883.0,64883.0,65484.0,-1724.0
2024-02-15 11:00:00+00:00,65907.0,65907.0,66939.0,-1299.0
2024-02-15 12:00:00+00:00,69437.0,69437.0,71153.0,-679.0
2024-02-15 13:00:00+00:00,74284.0,74284.0,75697.0,-1160.0
2024-02-15 14:00:00+00:00,76723.0,76723.0,77087.0,-2155.0
2024-02-15 15:00:00+00:00,76494.0,76494.0,74264.0,-4346.0
2024-02-15 16:00:00+00:00,75330.0,75330.0,72105.0,-5382.0
2024-02-15 17:00:00+00:00,74332.0,74332.0,70683.0,-5547.0
2024-02-15 18:00:00+00:00,73017.0,73017.0,69672.0,-5211.0
2024-02-15 19:00:00+00:00,71766.0,71766.0,67771.0,-5877.0
2024-02-15 20:00:00+00:00,70964.0,70964.0,66958.0,-5810.0
2024-02-15 21:00:00+00:00,69927.0,69927.0,65852.0,-5814.0
2024-02-15 22:00:00+00:00,69585.0,69585.0,65791.0,-5327.0
2024-02-15 23:00:00+00:00,70520.0,70520.0,66978.0,-5132.0
2024-02-16 00:00:00+00:00,72993.0,72993.0,69299.0,-5343.0
2024-02-16 01:00:00+00:00,75460.0,75460.0,71552.0,-5592.0
2024-02-16 02:00:00+00:00,75104.0,75104.0,71181.0,-5538.0
2024-02-16 03:00:00+00:00,73950.0,73950.0,70678.0,-4832.0
2024-02-16 04:00:00+00:00,71818.0,71818.0,67719.0,-5642.0
2024-02-16 05:00:00+00:00,69106.0,69106.0,65825.0,-4705.0
2024-02-16 06:00:00+00:00,67266.0,67266.0,63534.0,-5524.0
2024-02-16 07:00:00+00:00,66316.0,66316.0,61648.0,-6243.0
2024-02-16 08:00:00+00:00,65551.0,65551.0,61400.0,-5582.0
2024-02-16 09:00:00+00:00,64926.0,64926.0,60641.0,-5734.0
2024-02-16 10:00:00+00:00,65120.0,65120.0,60814.0,-5815.0
2024-02-16 11:00:00+00:00,66832.0,66832.0,62845.0,-5402.0
2024-02-16 12:00:00+00:00,69530.0,69530.0,65599.0,-5566.0
2024-02-16 13:00:00+00:00,73725.0,73725.0,69177.0,-6196.0
2024-02-16 14:00:00+00:00,76108.0,76108.0,71833.0,-5918.0
2024-02-16 15:00:00+00:00,76995.0,76995.0,73135.0,-5503.0
2024-02-16 16:00:00+00:00,77522.0,77522.0,74689.0,-4568.0
2024-02-16 17:00:00+00:00,77381.0,77381.0,74809.0,-4289.0
2024-02-16 18:00:00+00:00,76954.0,76954.0,74797.0,-4034.0
2024-02-16 19:00:00+00:00,76411.0,76411.0,73253.0,-4959.0
2024-02-16 20:00:00+00:00,75923.0,75923.0,73537.0,-4251.0
2024-02-16 21:00:00+00:00,75318.0,75318.0,73337.0,-4068.0
2024-02-16 22:00:00+00:00,75066.0,75066.0,73893.0,-3419.0
2024-02-16 23:00:00+00:00,75746.0,75746.0,75096.0,-3044.0
2024-02-17 00:00:00+00:00,77156.0,77156.0,76576.0,-3097.0
2024-02-17 01:00:00+00:00,78393.0,78393.0,77711.0,-3246.0
2024-02-17 02:00:00+00:00,77609.0,77609.0,77302.0,-2820.0
2024-02-17 03:00:00+00:00,76467.0,76467.0,76719.0,-2238.0
2024-02-17 04:00:00+00:00,74503.0,74503.0,74654.0,-2394.0
2024-02-17 05:00:00+00:00,72296.0,72296.0,72193.0,-2400.0
2024-02-17 06:00:00+00:00,70955.0,70955.0,72010.0,-1100.0
2024-02-17 07:00:00+00:00,69820.0,69820.0,71236.0,-813.0
2024-02-17 08:00:00+00:00,69149.0,69149.0,69746.0,-1537.0
2024-02-17 09:00:00+00:00,68738.0,68738.0,69238.0,-1598.0
2024-02-17 10:00:00+00:00,68628.0,68628.0,68834.0,-1834.0
2024-02-17 11:00:00+00:00,69035.0,69035.0,69471.0,-1602.0
2024-02-17 12:00:00+00:00,70864.0,70864.0,71570.0,-1305.0
2024-02-17 13:00:00+00:00,73431.0,73431.0,73851.0,-1700.0
2024-02-17 14:00:00+00:00,75466.0,75466.0,75296.0,-2388.0
2024-02-17 15:00:00+00:00,77028.0,77028.0,76116.0,-2784.0
2024-02-17 16:00:00+00:00,77561.0,77561.0,77076.0,-2377.0
2024-02-17 17:00:00+00:00,77217.0,77217.0,77642.0,-1477.0
2024-02-17 18:00:00+00:00,76329.0,76329.0,77785.0,-575.0
2024-02-17 19:00:00+00:00,75433.0,75433.0,77564.0,-62.0
2024-02-17 20:00:00+00:00,74315.0,74315.0,76530.0,-20.0
2024-02-17 21:00:00+00:00,73589.0,73589.0,75798.0,47.0
2024-02-17 22:00:00+00:00,73475.0,73475.0,75600.0,-169.0
2024-02-17 23:00:00+00:00,74828.0,74828.0,77058.0,-179.0
2024-02-18 00:00:00+00:00,77986.0,77986.0,80179.0,-430.0
2024-02-18 01:00:00+00:00,80391.0,80391.0,82307.0,-728.0
2024-02-18 02:00:00+00:00,80286.0,80286.0,82088.0,-784.0
2024-02-18 03:00:00+00:00,79181.0,79181.0,80699.0,-1055.0
2024-02-18 04:00:00+00:00,77509.0,77509.0,78582.0,-1317.0
2024-02-18 05:00:00+00:00,75489.0,75489.0,76784.0,-1087.0
2024-02-18 06:00:00+00:00,73598.0,73598.0,74883.0,-1170.0
2024-02-18 07:00:00+00:00,72491.0,72491.0,74261.0,-440.0
2024-02-18 08:00:00+00:00,71579.0,71579.0,73727.0,-151.0
2024-02-18 09:00:00+00:00,71231.0,71231.0,73483.0,-23.0
2024-02-18 10:00:00+00:00,71359.0,71359.0,73576.0,-25.0
2024-02-18 11:00:00+00:00,71953.0,71953.0,74163.0,-25.0
2024-02-18 12:00:00+00:00,73410.0,73410.0,75054.0,-689.0
2024-02-18 13:00:00+00:00,75309.0,75309.0,76156.0,-1436.0
2024-02-18 14:00:00+00:00,76409.0,76409.0,76788.0,-1964.0
2024-02-18 15:00:00+00:00,76452.0,76452.0,75347.0,-3268.0
2024-02-18 16:00:00+00:00,75150.0,75150.0,72738.0,-4155.0
2024-02-18 17:00:00+00:00,73189.0,73189.0,70576.0,-4178.0
2024-02-18 18:00:00+00:00,71386.0,71386.0,68462.0,-4451.0
2024-02-18 19:00:00+00:00,69700.0,69700.0,65641.0,-5495.0
2024-02-18 20:00:00+00:00,67634.0,67634.0,63875.0,-5002.0
2024-02-18 21:00:00+00:00,66043.0,66043.0,62680.0,-4509.0
2024-02-18 22:00:00+00:00,65686.0,65686.0,62444.0,-4344.0
2024-02-18 23:00:00+00:00,67372.0,67372.0,64081.0,-4600.0
2024-02-19 00:00:00+00:00,70978.0,70978.0,67807.0,-4606.0
2024-02-19 01:00:00+00:00,74440.0,74440.0,71772.0,-4197.0
2024-02-19 02:00:00+00:00,74908.0,74908.0,72164.0,-4272.0
2024-02-19 03:00:00+00:00,74488.0,74488.0,71585.0,-4389.0
2024-02-19 04:00:00+00:00,73185.0,73185.0,70391.0,-4277.0
2024-02-19 05:00:00+00:00,71435.0,71435.0,68603.0,-4173.0
2024-02-19 06:00:00+00:00,70038.0,70038.0,67429.0,-4093.0
2024-02-19 07:00:00+00:00,69835.0,69835.0,66681.0,-4554.0
2024-02-19 08:00:00+00:00,70103.0,70103.0,67438.0,-4092.0
2024-02-19 09:00:00+00:00,70647.0,70647.0,68556.0,-3701.0
2024-02-19 10:00:00+00:00,71564.0,71564.0,69925.0,-3380.0
2024-02-19 11:00:00+00:00,73384.0,73384.0,72539.0,-2593.0
2024-02-19 12:00:00+00:00,77468.0,77468.0,77768.0,-1860.0
2024-02-19 13:00:00+00:00,82312.0,82312.0,81673.0,-3061.0
2024-02-19 14:00:00+00:00,84237.0,84237.0,83482.0,-3145.0
2024-02-19 15:00:00+00:00,82440.0,82440.0,80541.0,-4200.0
2024-02-19 16:00:00+00:00,79573.0,79573.0,76602.0,-4776.0
2024-02-19 17:00:00+00:00,76599.0,76599.0,73046.0,-4904.0
2024-02-19 18:00:00+00:00,74226.0,74226.0,71403.0,-4180.0
2024-02-19 19:00:00+00:00,72267.0,72267.0,69774.0,-4046.0
2024-02-19 20:00:00+00:00,70856.0,70856.0,68173.0,-4289.0
2024-02-19 21:00:00+00:00,69225.0,69225.0,67029.0,-3842.0
2024-02-19 22:00:00+00:00,68699.0,68699.0,66720.0,-3624.0
2024-02-19 23:00:00+00:00,70028.0,70028.0,68950.0,-2838.0
2024-02-20 00:00:00+00:00,72634.0,72634.0,71115.0,-3374.0
2024-02-20 01:00:00+00:00,75864.0,75864.0,74166.0,-3398.0
2024-02-20 02:00:00+00:00,75776.0,75776.0,75021.0,-2766.0
2024-02-20 03:00:00+00:00,74772.0,74772.0,74770.0,-1996.0
2024-02-20 04:00:00+00:00,72797.0,72797.0,73060.0,-1651.0
2024-02-20 05:00:00+00:00,70497.0,70497.0,70683.0,-1644.0
2024-02-20 06:00:00+00:00,69071.0,69071.0,69815.0,-1117.0
2024-02-20 07:00:00+00:00,68074.0,68074.0,68576.0,-1225.0
2024-02-20 08:00:00+00:00,67557.0,67557.0,68206.0,-992.0
2024-02-20 09:00:00+00:00,67746.0,67746.0,68072.0,-1443.0
2024-02-20 10:00:00+00:00,68047.0,68047.0,68714.0,-911.0
2024-02-20 11:00:00+00:00,69756.0,69756.0,71041.0,-396.0
2024-02-20 12:00:00+00:00,73801.0,73801.0,75401.0,-238.0
2024-02-20 13:00:00+00:00,79020.0,79020.0,79609.0,-1434.0
2024-02-20 14:00:00+00:00,80337.0,80337.0,79140.0,-3068.0
2024-02-20 15:00:00+00:00,77466.0,77466.0,74100.0,-5056.0
2024-02-20 16:00:00+00:00,74016.0,74016.0,69222.0,-6005.0
2024-02-20 17:00:00+00:00,71305.0,71305.0,66304.0,-6156.0
2024-02-20 18:00:00+00:00,69471.0,69471.0,64073.0,-6358.0
2024-02-20 19:00:00+00:00,68257.0,68257.0,63541.0,-5665.0
2024-02-20 20:00:00+00:00,67491.0,67491.0,62805.0,-5725.0
2024-02-20 21:00:00+00:00,66532.0,66532.0,62073.0,-5484.0
2024-02-20 22:00:00+00:00,66278.0,66278.0,62882.0,-4514.0
2024-02-20 23:00:00+00:00,67563.0,67563.0,64277.0,-4530.0
2024-02-21 00:00:00+00:00,69826.0,69826.0,66683.0,-4456.0
2024-02-21 01:00:00+00:00,72165.0,72165.0,70071.0,-3592.0
2024-02-21 02:00:00+00:00,71940.0,71940.0,70306.0,-3313.0
2024-02-21 03:00:00+00:00,70679.0,70679.0,70185.0,-2349.0
2024-02-21 04:00:00+00:00,68516.0,68516.0,68962.0,-1407.0
2024-02-21 05:00:00+00:00,66441.0,66441.0,66291.0,-2113.0
2024-02-21 06:00:00+00:00,64645.0,64645.0,64323.0,-2014.0
2024-02-21 07:00:00+00:00,63222.0,63222.0,63785.0,-1076.0
2024-02-21 08:00:00+00:00,62457.0,62457.0,62994.0,-1171.0
2024-02-21 09:00:00+00:00,62237.0,62237.0,62212.0,-1694.0
2024-02-21 10:00:00+00:00,62833.0,62833.0,62649.0,-1826.0
2024-02-21 11:00:00+00:00,63703.0,63703.0,63142.0,-2175.0
2024-02-21 12:00:00+00:00,67773.0,67773.0,67169.0,-2327.0
2024-02-21 13:00:00+00:00,72859.0,72859.0,72097.0,-2675.0
2024-02-21 14:00:00+00:00,74772.0,74772.0,71939.0,-4657.0
2024-02-21 15:00:00+00:00,73123.0,73123.0,68356.0,-6504.0
2024-02-21 16:00:00+00:00,71092.0,71092.0,65188.0,-7406.0
2024-02-21 17:00:00+00:00,69539.0,69539.0,63813.0,-7047.0
2024-02-21 18:00:00+00:00,68357.0,68357.0,63020.0,-6540.0
2024-02-21 19:00:00+00:00,67658.0,67658.0,62284.0,-6587.0
2024-02-21 20:00:00+00:00,67313.0,67313.0,61652.0,-6985.0
2024-02-21 21:00:00+00:00,66715.0,66715.0,60489.0,-7496.0
2024-02-21 22:00:00+00:00,66533.0,66533.0,60499.0,-7236.0
2024-02-21 23:00:00+00:00,67521.0,67521.0,62382.0,-6385.0
2024-02-22 00:00:00+00:00,69214.0,69214.0,64608.0,-5846.0
2024-02-22 01:00:00+00:00,70997.0,70997.0,67131.0,-5203.0
2024-02-22 02:00:00+00:00,70291.0,70291.0,66957.0,-4772.0
2024-02-22 03:00:00+00:00,68939.0,68939.0,65923.0,-4278.0
2024-02-22 04:00:00+00:00,66873.0,66873.0,63780.0,-4392.0
2024-02-22 05:00:00+00:00,64204.0,64204.0,61023.0,-4235.0
2024-02-22 06:00:00+00:00,61538.0,61538.0,59558.0,-3151.0
2024-02-22 07:00:00+00:00,60038.0,60038.0,58537.0,-2663.0
2024-02-22 08:00:00+00:00,59283.0,59283.0,57597.0,-2845.0
2024-02-22 09:00:00+00:00,58873.0,58873.0,57320.0,-2761.0
2024-02-22 10:00:00+00:00,59177.0,59177.0,57746.0,-2552.0
2024-02-22 11:00:00+00:00,59868.0,59868.0,59064.0,-2070.0
2024-02-22 12:00:00+00:00,63270.0,63270.0,61956.0,-2889.0
2024-02-22 13:00:00+00:00,68328.0,68328.0,67539.0,-2485.0
2024-02-22 14:00:00+00:00,70369.0,70369.0,68989.0,-3182.0
2024-02-22 15:00:00+00:00,70251.0,70251.0,68027.0,-3859.0
2024-02-22 16:00:00+00:00,69485.0,69485.0,66892.0,-3974.0
2024-02-22 17:00:00+00:00,69011.0,69011.0,65771.0,-4477.0
2024-02-22 18:00:00+00:00,68402.0,68402.0,65481.0,-4139.0
2024-02-22 19:00:00+00:00,68092.0,68092.0,66323.0,-3079.0
2024-02-22 20:00:00+00:00,67533.0,67533.0,66605.0,-2581.0
2024-02-22 21:00:00+00:00,66511.0,66511.0,66155.0,-2393.0
2024-02-22 22:00:00+00:00,66133.0,66133.0,66308.0,-1915.0
2024-02-22 23:00:00+00:00,67074.0,67074.0,67750.0,-1572.0
2024-02-23 00:00:00+00:00,68911.0,68911.0,68859.0,-2320.0
2024-02-23 01:00:00+00:00,70839.0,70839.0,70964.0,-2135.0
2024-02-23 02:00:00+00:00,70476.0,70476.0,71198.0,-1567.0
2024-02-23 03:00:00+00:00,69161.0,69161.0,70835.0,-709.0
2024-02-23 04:00:00+00:00,67039.0,67039.0,68512.0,-741.0
2024-02-23 05:00:00+00:00,65033.0,65033.0,66060.0,-1093.0
2024-02-23 06:00:00+00:00,62989.0,62989.0,62464.0,-2748.0
2024-02-23 07:00:00+00:00,61497.0,61497.0,59594.0,-3679.0
2024-02-23 08:00:00+00:00,60673.0,60673.0,58656.0,-3840.0
2024-02-23 09:00:00+00:00,60435.0,60435.0,58231.0,-4066.0
2024-02-23 10:00:00+00:00,60526.0,60526.0,58550.0,-3802.0
2024-02-23 11:00:00+00:00,61489.0,61489.0,60070.0,-3267.0
2024-02-23 12:00:00+00:00,64870.0,64870.0,63636.0,-3511.0
2024-02-23 13:00:00+00:00,69444.0,69444.0,67241.0,-4575.0
2024-02-23 14:00:00+00:00,71544.0,71544.0,69152.0,-4447.0
2024-02-23 15:00:00+00:00,71094.0,71094.0,68585.0,-4339.0
2024-02-23 16:00:00+00:00,70285.0,70285.0,67951.0,-3971.0
2024-02-23 17:00:00+00:00,69723.0,69723.0,68350.0,-3201.0
2024-02-23 18:00:00+00:00,68822.0,68822.0,67640.0,-3052.0
2024-02-23 19:00:00+00:00,68485.0,68485.0,67482.0,-3076.0
2024-02-23 20:00:00+00:00,68272.0,68272.0,66939.0,-3477.0
2024-02-23 21:00:00+00:00,67689.0,67689.0,66531.0,-3376.0
2024-02-23 22:00:00+00:00,67529.0,67529.0,66535.0,-3259.0
2024-02-23 23:00:00+00:00,68304.0,68304.0,67302.0,-3311.0
2024-02-24 00:00:00+00:00,69758.0,69758.0,68109.0,-3923.0
2024-02-24 01:00:00+00:00,70930.0,70930.0,68622.0,-4469.0
2024-02-24 02:00:00+00:00,70453.0,70453.0,68025.0,-4559.0
2024-02-24 03:00:00+00:00,69291.0,69291.0,66960.0,-4412.0
2024-02-24 04:00:00+00:00,67440.0,67440.0,65093.0,-4294.0
2024-02-24 05:00:00+00:00,65288.0,65288.0,63094.0,-3954.0
2024-02-24 06:00:00+00:00,63641.0,63641.0,61011.0,-4405.0
2024-02-24 07:00:00+00:00,62650.0,62650.0,60366.0,-3788.0
2024-02-24 08:00:00+00:00,61915.0,61915.0,59772.0,-3609.0
2024-02-24 09:00:00+00:00,61617.0,61617.0,59079.0,-3989.0
2024-02-24 10:00:00+00:00,61646.0,61646.0,59235.0,-3887.0
2024-02-24 11:00:00+00:00,62336.0,62336.0,60060.0,-3740.0
2024-02-24 12:00:00+00:00,64336.0,64336.0,62250.0,-3718.0
2024-02-24 13:00:00+00:00,66801.0,66801.0,65320.0,-3262.0
2024-02-24 14:00:00+00:00,68655.0,68655.0,67811.0,-2760.0
2024-02-24 15:00:00+00:00,69013.0,69013.0,69408.0,-1710.0
2024-02-24 16:00:00+00:00,68316.0,68316.0,68859.0,-1669.0
2024-02-24 17:00:00+00:00,67307.0,67307.0,67628.0,-1618.0
2024-02-24 18:00:00+00:00,65900.0,65900.0,66175.0,-1640.0
2024-02-24 19:00:00+00:00,64642.0,64642.0,64931.0,-1525.0
2024-02-24 20:00:00+00:00,63478.0,63478.0,64156.0,-1263.0
2024-02-24 21:00:00+00:00,62802.0,62802.0,63299.0,-1449.0
2024-02-24 22:00:00+00:00,62832.0,62832.0,63973.0,-845.0
2024-02-24 23:00:00+00:00,64091.0,64091.0,65975.0,-286.0
2024-02-25 00:00:00+00:00,66691.0,66691.0,68139.0,-854.0
2024-02-25 01:00:00+00:00,69063.0,69063.0,70174.0,-1129.0
2024-02-25 02:00:00+00:00,68928.0,68928.0,70783.0,-662.0
2024-02-25 03:00:00+00:00,68005.0,68005.0,70389.0,80.0
2024-02-25 04:00:00+00:00,66563.0,66563.0,68536.0,-249.0
2024-02-25 05:00:00+00:00,64785.0,64785.0,67055.0,99.0
2024-02-25 06:00:00+00:00,63607.0,63607.0,65870.0,141.0
2024-02-25 07:00:00+00:00,62738.0,62738.0,64757.0,-218.0
2024-02-25 08:00:00+00:00,61786.0,61786.0,63629.0,-324.0
2024-02-25 09:00:00+00:00,61357.0,61357.0,63379.0,-84.0
2024-02-25 10:00:00+00:00,61531.0,61531.0,63787.0,228.0
2024-02-25 11:00:00+00:00,61179.0,61179.0,63794.0,505.0
2024-02-25 12:00:00+00:00,62180.0,62180.0,64637.0,307.0
2024-02-25 13:00:00+00:00,63973.0,63973.0,65253.0,-869.0
2024-02-25 14:00:00+00:00,65379.0,65379.0,65684.0,-1699.0
2024-02-25 15:00:00+00:00,65186.0,65186.0,63121.0,-3706.0
2024-02-25 16:00:00+00:00,63968.0,63968.0,61311.0,-3850.0
2024-02-25 17:00:00+00:00,62600.0,62600.0,60257.0,-3357.0
2024-02-25 18:00:00+00:00,61692.0,61692.0,58757.0,-3875.0
2024-02-25 19:00:00+00:00,61150.0,61150.0,58238.0,-3886.0
2024-02-25 20:00:00+00:00,60654.0,60654.0,57574.0,-4024.0
2024-02-25 21:00:00+00:00,60454.0,60454.0,57953.0,-3400.0
2024-02-25 22:00:00+00:00,61282.0,61282.0,58889.0,-3220.0
2024-02-25 23:00:00+00:00,62887.0,62887.0,61429.0,-2631.0
2024-02-26 00:00:00+00:00,65045.0,65045.0,63258.0,-3015.0
2024-02-26 01:00:00+00:00,67444.0,67444.0,65880.0,-2825.0
2024-02-26 02:00:00+00:00,67247.0,67247.0,66024.0,-2587.0
2024-02-26 03:00:00+00:00,65913.0,65913.0,65612.0,-1761.0
2024-02-26 04:00:00+00:00,63667.0,63667.0,63880.0,-1459.0
2024-02-26 05:00:00+00:00,61553.0,61553.0,61703.0,-1592.0
2024-02-26 06:00:00+00:00,60294.0,60294.0,61019.0,-1094.0
2024-02-26 07:00:00+00:00,59495.0,59495.0,60594.0,-781.0
2024-02-26 08:00:00+00:00,58790.0,58790.0,59548.0,-1212.0
2024-02-26 09:00:00+00:00,58791.0,58791.0,59295.0,-1344.0
2024-02-26 10:00:00+00:00,59572.0,59572.0,60699.0,-888.0
2024-02-26 11:00:00+00:00,60828.0,60828.0,62260.0,-623.0
2024-02-26 12:00:00+00:00,65002.0,65002.0,66641.0,-678.0
2024-02-26 13:00:00+00:00,70117.0,70117.0,71079.0,-1478.0
2024-02-26 14:00:00+00:00,71725.0,71725.0,72006.0,-2202.0
2024-02-26 15:00:00+00:00,70595.0,70595.0,70138.0,-2559.0
2024-02-26 16:00:00+00:00,69275.0,69275.0,69228.0,-1818.0
2024-02-26 17:00:00+00:00,68326.0,68326.0,68764.0,-1347.0
2024-02-26 18:00:00+00:00,67776.0,67776.0,67901.0,-1526.0
2024-02-26 19:00:00+00:00,67665.0,67665.0,67427.0,-1923.0
2024-02-26 20:00:00+00:00,67517.0,67517.0,67033.0,-2225.0
2024-02-26 21:00:00+00:00,67033.0,67033.0,66460.0,-2435.0
2024-02-26 22:00:00+00:00,67116.0,67116.0,66463.0,-2283.0
2024-02-26 23:00:00+00:00,67909.0,67909.0,67219.0,-2266.0
2024-02-27 00:00:00+00:00,69410.0,69410.0,67848.0,-3188.0
2024-02-27 01:00:00+00:00,71403.0,71403.0,69087.0,-3891.0
2024-02-27 02:00:00+00:00,70809.0,70809.0,68345.0,-4021.0
2024-02-27 03:00:00+00:00,69055.0,69055.0,66361.0,-4187.0
2024-02-27 04:00:00+00:00,66922.0,66922.0,63927.0,-4448.0
2024-02-27 05:00:00+00:00,64352.0,64352.0,61607.0,-3929.0
2024-02-27 06:00:00+00:00,61893.0,61893.0,59400.0,-4123.0
2024-02-27 07:00:00+00:00,60183.0,60183.0,56499.0,-5094.0
2024-02-27 08:00:00+00:00,58917.0,58917.0,55786.0,-4434.0
2024-02-27 09:00:00+00:00,58153.0,58153.0,55575.0,-4067.0
2024-02-27 10:00:00+00:00,58306.0,58306.0,55565.0,-4329.0
2024-02-27 11:00:00+00:00,59003.0,59003.0,56611.0,-4081.0
2024-02-27 12:00:00+00:00,62025.0,62025.0,60581.0,-3271.0
2024-02-27 13:00:00+00:00,66632.0,66632.0,65003.0,-3636.0
2024-02-27 14:00:00+00:00,68467.0,68467.0,67169.0,-3224.0
2024-02-27 15:00:00+00:00,68465.0,68465.0,66727.0,-3755.0
2024-02-27 16:00:00+00:00,68665.0,68665.0,66547.0,-3908.0
2024-02-27 17:00:00+00:00,68934.0,68934.0,66896.0,-3867.0
2024-02-27 18:00:00+00:00,69268.0,69268.0,67966.0,-3236.0
2024-02-27 19:00:00+00:00,69886.0,69886.0,68731.0,-2907.0
2024-02-27 20:00:00+00:00,70485.0,70485.0,70362.0,-1918.0
2024-02-27 21:00:00+00:00,70533.0,70533.0,70717.0,-1840.0
2024-02-27 22:00:00+00:00,70628.0,70628.0,71008.0,-1611.0
2024-02-27 23:00:00+00:00,71091.0,71091.0,71314.0,-2048.0
2024-02-28 00:00:00+00:00,72014.0,72014.0,72236.0,-2034.0
2024-02-28 01:00:00+00:00,73726.0,73726.0,73619.0,-2403.0
2024-02-28 02:00:00+00:00,73233.0,73233.0,72412.0,-2993.0
2024-02-28 03:00:00+00:00,71323.0,71323.0,70845.0,-2458.0
2024-02-28 04:00:00+00:00,69161.0,69161.0,68343.0,-2769.0
2024-02-28 05:00:00+00:00,66816.0,66816.0,66364.0,-2295.0
2024-02-28 06:00:00+00:00,64418.0,64418.0,63054.0,-3468.0
2024-02-28 07:00:00+00:00,62665.0,62665.0,59766.0,-4683.0
2024-02-28 08:00:00+00:00,61765.0,61765.0,58977.0,-4405.0
2024-02-28 09:00:00+00:00,61115.0,61115.0,58488.0,-4264.0
2024-02-28 10:00:00+00:00,61618.0,61618.0,59020.0,-4210.0
2024-02-28 11:00:00+00:00,62906.0,62906.0,60574.0,-3976.0
2024-02-28 12:00:00+00:00,66321.0,66321.0,64379.0,-3727.0
2024-02-28 13:00:00+00:00,71469.0,71469.0,68444.0,-4841.0
2024-02-28 14:00:00+00:00,74192.0,74192.0,71031.0,-4854.0
2024-02-28 15:00:00+00:00,74631.0,74631.0,71397.0,-4653.0
2024-02-28 16:00:00+00:00,74684.0,74684.0,72079.0,-3996.0
2024-02-28 17:00:00+00:00,74862.0,74862.0,72440.0,-3893.0
2024-02-28 18:00:00+00:00,74724.0,74724.0,72458.0,-3715.0
2024-02-28 19:00:00+00:00,74189.0,74189.0,72212.0,-3454.0
2024-02-28 20:00:00+00:00,73410.0,73410.0,71473.0,-3544.0
2024-02-28 21:00:00+00:00,72638.0,72638.0,70311.0,-3906.0
2024-02-28 22:00:00+00:00,72309.0,72309.0,69760.0,-4098.0
2024-02-28 23:00:00+00:00,73487.0,73487.0,70679.0,-4368.0
2024-02-29 00:00:00+00:00,75780.0,75780.0,72876.0,-4542.0
2024-02-29 01:00:00+00:00,78615.0,78615.0,74801.0,-5474.0
2024-02-29 02:00:00+00:00,78540.0,78540.0,74350.0,-5802.0
2024-02-29 03:00:00+00:00,77490.0,77490.0,73605.0,-5448.0
2024-02-29 04:00:00+00:00,75068.0,75068.0,70721.0,-5916.0
2024-02-29 05:00:00+00:00,72587.0,72587.0,69283.0,-4858.0
2024-02-29 06:00:00+00:00,71109.0,71109.0,69572.0,-3206.0
2024-02-29 07:00:00+00:00,69636.0,69636.0,68898.0,-2572.0
2024-02-29 08:00:00+00:00,68865.0,68865.0,68776.0,-1974.0
2024-02-29 09:00:00+00:00,68641.0,68641.0,68751.0,-1719.0
2024-02-29 10:00:00+00:00,68766.0,68766.0,69133.0,-1431.0
2024-02-29 11:00:00+00:00,69916.0,69916.0,70938.0,-893.0
2024-02-29 12:00:00+00:00,73912.0,73912.0,76228.0,257.0
2024-02-29 13:00:00+00:00,78940.0,78940.0,81132.0,-191.0
2024-02-29 14:00:00+00:00,80141.0,80141.0,82404.0,-95.0
2024-02-29 15:00:00+00:00,78429.0,78429.0,80186.0,-515.0
2024-02-29 16:00:00+00:00,76720.0,76720.0,77940.0,-923.0
2024-02-29 17:00:00+00:00,75102.0,75102.0,75935.0,-1161.0
2024-02-29 18:00:00+00:00,73555.0,73555.0,74862.0,-633.0
2024-02-29 19:00:00+00:00,72160.0,72160.0,73049.0,-1012.0
2024-02-29 20:00:00+00:00,70938.0,70938.0,72106.0,-687.0
2024-02-29 21:00:00+00:00,70050.0,70050.0,71195.0,-924.0
2024-02-29 22:00:00+00:00,69504.0,69504.0,70996.0,-505.0
2024-02-29 23:00:00+00:00,70758.0,70758.0,72993.0,78.0
2024-03-01 00:00:00+00:00,73329.0,73329.0,75928.0,287.0
2024-03-01 01:00:00+00:00,76180.0,76180.0,79802.0,1020.0
2024-03-01 02:00:00+00:00,76352.0,76352.0,79430.0,369.0
2024-03-01 03:00:00+00:00,74887.0,74887.0,78336.0,413.0
2024-03-01 04:00:00+00:00,72904.0,72904.0,75292.0,40.0
2024-03-01 05:00:00+00:00,70319.0,70319.0,72971.0,302.0
2024-03-01 06:00:00+00:00,68288.0,68288.0,71202.0,493.0
2024-03-01 07:00:00+00:00,66772.0,66772.0,69445.0,317.0
2024-03-01 08:00:00+00:00,65909.0,65909.0,68820.0,699.0
2024-03-01 09:00:00+00:00,65586.0,65586.0,68842.0,927.0
2024-03-01 10:00:00+00:00,65883.0,65883.0,68874.0,674.0
2024-03-01 11:00:00+00:00,66886.0,66886.0,70539.0,1477.0
2024-03-01 12:00:00+00:00,70245.0,70245.0,73552.0,786.0
2024-03-01 13:00:00+00:00,74662.0,74662.0,76902.0,-291.0
2024-03-01 14:00:00+00:00,76167.0,76167.0,78580.0,-23.0
2024-03-01 15:00:00+00:00,75427.0,75427.0,77027.0,-669.0
2024-03-01 16:00:00+00:00,74359.0,74359.0,75733.0,-781.0
2024-03-01 17:00:00+00:00,73334.0,73334.0,75257.0,-62.0
2024-03-01 18:00:00+00:00,71829.0,71829.0,74152.0,318.0
2024-03-01 19:00:00+00:00,70844.0,70844.0,73135.0,320.0
2024-03-01 20:00:00+00:00,69754.0,69754.0,72063.0,208.0
2024-03-01 21:00:00+00:00,68587.0,68587.0,71253.0,725.0
2024-03-01 22:00:00+00:00,68032.0,68032.0,70857.0,831.0
2024-03-01 23:00:00+00:00,68443.0,68443.0,71188.0,653.0
2024-03-02 00:00:00+00:00,69721.0,69721.0,71997.0,31.0
2024-03-02 01:00:00+00:00,71223.0,71223.0,72880.0,-549.0
2024-03-02 02:00:00+00:00,71085.0,71085.0,72934.0,-284.0
2024-03-02 03:00:00+00:00,69751.0,69751.0,71468.0,-291.0
2024-03-02 04:00:00+00:00,67582.0,67582.0,69499.0,-70.0
2024-03-02 05:00:00+00:00,65690.0,65690.0,67413.0,-84.0
2024-03-02 06:00:00+00:00,63853.0,63853.0,64661.0,-953.0
2024-03-02 07:00:00+00:00,62470.0,62470.0,62911.0,-1237.0
2024-03-02 08:00:00+00:00,61446.0,61446.0,62259.0,-896.0
2024-03-02 09:00:00+00:00,61010.0,61010.0,61387.0,-1383.0
2024-03-02 10:00:00+00:00,60947.0,60947.0,61047.0,-1546.0
2024-03-02 11:00:00+00:00,61280.0,61280.0,61221.0,-1592.0
2024-03-02 12:00:00+00:00,62479.0,62479.0,62409.0,-1546.0
2024-03-02 13:00:00+00:00,64357.0,64357.0,63982.0,-1782.0
2024-03-02 14:00:00+00:00,65654.0,65654.0,65426.0,-1681.0
2024-03-02 15:00:00+00:00,66128.0,66128.0,65708.0,-1566.0
2024-03-02 16:00:00+00:00,65334.0,65334.0,65154.0,-1206.0
2024-03-02 17:00:00+00:00,64278.0,64278.0,64968.0,-519.0
2024-03-02 18:00:00+00:00,62880.0,62880.0,64473.0,38.0
2024-03-02 19:00:00+00:00,61791.0,61791.0,63762.0,249.0
2024-03-02 20:00:00+00:00,60623.0,60623.0,62260.0,-181.0
2024-03-02 21:00:00+00:00,60166.0,60166.0,61848.0,-186.0
2024-03-02 22:00:00+00:00,60583.0,60583.0,62087.0,-361.0
2024-03-02 23:00:00+00:00,61858.0,61858.0,63923.0,13.0
2024-03-03 00:00:00+00:00,63315.0,63315.0,64998.0,-564.0
2024-03-03 01:00:00+00:00,65248.0,65248.0,66616.0,-968.0
2024-03-03 02:00:00+00:00,65125.0,65125.0,66291.0,-1070.0
2024-03-03 03:00:00+00:00,64055.0,64055.0,65529.0,-751.0
2024-03-03 04:00:00+00:00,62875.0,62875.0,64027.0,-1104.0
2024-03-03 05:00:00+00:00,61227.0,61227.0,62573.0,-797.0
2024-03-03 06:00:00+00:00,59430.0,59430.0,60293.0,-1318.0
2024-03-03 07:00:00+00:00,58355.0,58355.0,58849.0,-1650.0
2024-03-03 08:00:00+00:00,57504.0,57504.0,57503.0,-2320.0
2024-03-03 09:00:00+00:00,56906.0,56906.0,56560.0,-2575.0
2024-03-03 10:00:00+00:00,56544.0,56544.0,55830.0,-2882.0
2024-03-03 11:00:00+00:00,56537.0,56537.0,56253.0,-2370.0
2024-03-03 12:00:00+00:00,57150.0,57150.0,57627.0,-1639.0
2024-03-03 13:00:00+00:00,58527.0,58527.0,59061.0,-1640.0
2024-03-03 14:00:00+00:00,59571.0,59571.0,60220.0,-1540.0
2024-03-03 15:00:00+00:00,60390.0,60390.0,61207.0,-1329.0
2024-03-03 16:00:00+00:00,60569.0,60569.0,61313.0,-1324.0
2024-03-03 17:00:00+00:00,60428.0,60428.0,61222.0,-1355.0
2024-03-03 18:00:00+00:00,60552.0,60552.0,61280.0,-1386.0
2024-03-03 19:00:00+00:00,60684.0,60684.0,61582.0,-1153.0
2024-03-03 20:00:00+00:00,60443.0,60443.0,61129.0,-1433.0
2024-03-03 21:00:00+00:00,60566.0,60566.0,60996.0,-1470.0
2024-03-03 22:00:00+00:00,61296.0,61296.0,62488.0,-890.0
2024-03-03 23:00:00+00:00,62681.0,62681.0,64317.0,-566.0
2024-03-04 00:00:00+00:00,64751.0,64751.0,66037.0,-1044.0
2024-03-04 01:00:00+00:00,66853.0,66853.0,68307.0,-817.0
2024-03-04 02:00:00+00:00,66861.0,66861.0,67538.0,-1537.0
2024-03-04 03:00:00+00:00,65414.0,65414.0,65325.0,-1970.0
2024-03-04 04:00:00+00:00,63215.0,63215.0,62718.0,-2244.0
2024-03-04 05:00:00+00:00,60829.0,60829.0,59641.0,-2863.0
2024-03-04 06:00:00+00:00,58838.0,58838.0,56559.0,-4045.0
2024-03-04 07:00:00+00:00,57371.0,57371.0,54656.0,-4385.0
2024-03-04 08:00:00+00:00,56123.0,56123.0,53549.0,-4180.0
2024-03-04 09:00:00+00:00,55824.0,55824.0,53354.0,-4136.0
2024-03-04 10:00:00+00:00,56310.0,56310.0,53638.0,-4257.0
2024-03-04 11:00:00+00:00,58013.0,58013.0,55922.0,-3543.0
2024-03-04 12:00:00+00:00,61556.0,61556.0,60272.0,-2964.0
2024-03-04 13:00:00+00:00,66253.0,66253.0,64198.0,-3990.0
2024-03-04 14:00:00+00:00,68471.0,68471.0,66412.0,-3816.0
2024-03-04 15:00:00+00:00,69046.0,69046.0,66482.0,-4274.0
2024-03-04 16:00:00+00:00,69385.0,69385.0,66389.0,-4647.0
2024-03-04 17:00:00+00:00,69829.0,69829.0,66481.0,-5109.0
2024-03-04 18:00:00+00:00,70041.0,70041.0,67514.0,-4430.0
2024-03-04 19:00:00+00:00,70285.0,70285.0,67994.0,-4336.0
2024-03-04 20:00:00+00:00,70349.0,70349.0,68568.0,-3655.0
2024-03-04 21:00:00+00:00,69857.0,69857.0,68614.0,-3139.0
2024-03-04 22:00:00+00:00,69401.0,69401.0,67823.0,-3609.0
2024-03-04 23:00:00+00:00,69658.0,69658.0,68460.0,-3132.0
2024-03-05 00:00:00+00:00,70801.0,70801.0,70250.0,-2702.0
2024-03-05 01:00:00+00:00,72537.0,72537.0,71644.0,-2929.0
2024-03-05 02:00:00+00:00,71698.0,71698.0,70615.0,-3244.0
2024-03-05 03:00:00+00:00,69930.0,69930.0,68796.0,-3278.0
2024-03-05 04:00:00+00:00,67042.0,67042.0,65953.0,-3180.0
2024-03-05 05:00:00+00:00,64545.0,64545.0,63790.0,-2740.0
2024-03-05 06:00:00+00:00,62280.0,62280.0,61541.0,-2985.0
2024-03-05 07:00:00+00:00,60342.0,60342.0,59193.0,-3167.0
2024-03-05 08:00:00+00:00,59105.0,59105.0,57551.0,-3530.0
2024-03-05 09:00:00+00:00,58664.0,58664.0,56677.0,-3923.0
2024-03-05 10:00:00+00:00,58795.0,58795.0,56546.0,-3974.0
2024-03-05 11:00:00+00:00,59578.0,59578.0,58397.0,-2806.0
2024-03-05 12:00:00+00:00,62491.0,62491.0,62070.0,-2353.0
2024-03-05 13:00:00+00:00,67014.0,67014.0,66254.0,-2754.0
2024-03-05 14:00:00+00:00,68762.0,68762.0,67240.0,-3462.0
2024-03-05 15:00:00+00:00,69042.0,69042.0,67115.0,-3407.0
2024-03-05 16:00:00+00:00,69175.0,69175.0,67874.0,-2698.0
2024-03-05 17:00:00+00:00,69285.0,69285.0,68153.0,-2506.0
2024-03-05 18:00:00+00:00,69244.0,69244.0,68425.0,-2240.0
2024-03-05 19:00:00+00:00,68941.0,68941.0,67914.0,-2543.0
2024-03-05 20:00:00+00:00,68532.0,68532.0,67346.0,-2675.0
2024-03-05 21:00:00+00:00,67804.0,67804.0,66660.0,-2672.0
2024-03-05 22:00:00+00:00,67587.0,67587.0,67116.0,-2009.0
2024-03-05 23:00:00+00:00,68227.0,68227.0,67358.0,-2485.0
2024-03-06 00:00:00+00:00,69786.0,69786.0,68663.0,-2772.0
2024-03-06 01:00:00+00:00,71713.0,71713.0,70519.0,-2830.0
2024-03-06 02:00:00+00:00,71286.0,71286.0,69992.0,-3049.0
2024-03-06 03:00:00+00:00,69630.0,69630.0,68079.0,-3352.0
2024-03-06 04:00:00+00:00,67033.0,67033.0,65056.0,-3689.0
2024-03-06 05:00:00+00:00,64214.0,64214.0,62118.0,-3547.0
2024-03-06 06:00:00+00:00,62295.0,62295.0,59578.0,-4194.0
2024-03-06 07:00:00+00:00,60539.0,60539.0,58281.0,-3538.0
2024-03-06 08:00:00+00:00,59346.0,59346.0,57350.0,-3371.0
2024-03-06 09:00:00+00:00,59155.0,59155.0,57390.0,-3155.0
2024-03-06 10:00:00+00:00,59299.0,59299.0,57470.0,-3200.0
2024-03-06 11:00:00+00:00,60046.0,60046.0,59140.0,-2367.0
2024-03-06 12:00:00+00:00,63351.0,63351.0,63188.0,-1835.0
2024-03-06 13:00:00+00:00,68054.0,68054.0,67845.0,-2150.0
2024-03-06 14:00:00+00:00,69769.0,69769.0,70571.0,-1169.0
2024-03-06 15:00:00+00:00,69454.0,69454.0,70093.0,-1240.0
2024-03-06 16:00:00+00:00,69105.0,69105.0,70277.0,-596.0
2024-03-06 17:00:00+00:00,68782.0,68782.0,70606.0,-377.0
2024-03-06 18:00:00+00:00,68465.0,68465.0,70199.0,-475.0
2024-03-06 19:00:00+00:00,68635.0,68635.0,70664.0,-26.0
2024-03-06 20:00:00+00:00,68782.0,68782.0,71274.0,341.0
2024-03-06 21:00:00+00:00,68597.0,68597.0,71210.0,572.0
2024-03-06 22:00:00+00:00,68643.0,68643.0,71275.0,447.0
2024-03-06 23:00:00+00:00,69483.0,69483.0,72043.0,163.0
2024-03-07 00:00:00+00:00,70916.0,70916.0,72851.0,-278.0
2024-03-07 01:00:00+00:00,72470.0,72470.0,74530.0,-368.0
2024-03-07 02:00:00+00:00,72119.0,72119.0,74101.0,-417.0
2024-03-07 03:00:00+00:00,70483.0,70483.0,72767.0,-219.0
2024-03-07 04:00:00+00:00,67596.0,67596.0,69316.0,-523.0
2024-03-07 05:00:00+00:00,64831.0,64831.0,65982.0,-751.0
2024-03-07 06:00:00+00:00,62648.0,62648.0,63811.0,-758.0
2024-03-07 07:00:00+00:00,61264.0,61264.0,61882.0,-1004.0
2024-03-07 08:00:00+00:00,60265.0,60265.0,60635.0,-1231.0
2024-03-07 09:00:00+00:00,59558.0,59558.0,59600.0,-1546.0
2024-03-07 10:00:00+00:00,59117.0,59117.0,58619.0,-2039.0
2024-03-07 11:00:00+00:00,60346.0,60346.0,60351.0,-1558.0
2024-03-07 12:00:00+00:00,64130.0,64130.0,64127.0,-1806.0
2024-03-07 13:00:00+00:00,68638.0,68638.0,68240.0,-2249.0
2024-03-07 14:00:00+00:00,70444.0,70444.0,69283.0,-3101.0
2024-03-07 15:00:00+00:00,70862.0,70862.0,68689.0,-3812.0
2024-03-07 16:00:00+00:00,70853.0,70853.0,68842.0,-3565.0
2024-03-07 17:00:00+00:00,70552.0,70552.0,68502.0,-3612.0
2024-03-07 18:00:00+00:00,70160.0,70160.0,68543.0,-3098.0
2024-03-07 19:00:00+00:00,70065.0,70065.0,68632.0,-2894.0
2024-03-07 20:00:00+00:00,69993.0,69993.0,68545.0,-3092.0
2024-03-07 21:00:00+00:00,69453.0,69453.0,67785.0,-3280.0
2024-03-07 22:00:00+00:00,68913.0,68913.0,67711.0,-3005.0
2024-03-07 23:00:00+00:00,69327.0,69327.0,68737.0,-2518.0
2024-03-08 00:00:00+00:00,70532.0,70532.0,70551.0,-1945.0
2024-03-08 01:00:00+00:00,72148.0,72148.0,71926.0,-2359.0
2024-03-08 02:00:00+00:00,71860.0,71860.0,71736.0,-2073.0
2024-03-08 03:00:00+00:00,70276.0,70276.0,70715.0,-1648.0
2024-03-08 04:00:00+00:00,67659.0,67659.0,68154.0,-1521.0
2024-03-08 05:00:00+00:00,65239.0,65239.0,65623.0,-1756.0
2024-03-08 06:00:00+00:00,63083.0,63083.0,63640.0,-1452.0
2024-03-08 07:00:00+00:00,61221.0,61221.0,61575.0,-1610.0
2024-03-08 08:00:00+00:00,60032.0,60032.0,60126.0,-1907.0
2024-03-08 09:00:00+00:00,59521.0,59521.0,59078.0,-2395.0
2024-03-08 10:00:00+00:00,59586.0,59586.0,59606.0,-2014.0
2024-03-08 11:00:00+00:00,60426.0,60426.0,60770.0,-1722.0
2024-03-08 12:00:00+00:00,63450.0,63450.0,63990.0,-1662.0
2024-03-08 13:00:00+00:00,67839.0,67839.0,68903.0,-1247.0
2024-03-08 14:00:00+00:00,70065.0,70065.0,69917.0,-2598.0
2024-03-08 15:00:00+00:00,70823.0,70823.0,70454.0,-2733.0
2024-03-08 16:00:00+00:00,71408.0,71408.0,71102.0,-2577.0
2024-03-08 17:00:00+00:00,71460.0,71460.0,70908.0,-2684.0
2024-03-08 18:00:00+00:00,71175.0,71175.0,70309.0,-2853.0
2024-03-08 19:00:00+00:00,70840.0,70840.0,70224.0,-2614.0
2024-03-08 20:00:00+00:00,70386.0,70386.0,69722.0,-2851.0
2024-03-08 21:00:00+00:00,69534.0,69534.0,68773.0,-2759.0
2024-03-08 22:00:00+00:00,68845.0,68845.0,69119.0,-1786.0
2024-03-08 23:00:00+00:00,69003.0,69003.0,69903.0,-1383.0
2024-03-09 00:00:00+00:00,69774.0,69774.0,70595.0,-1337.0
2024-03-09 01:00:00+00:00,70526.0,70526.0,71244.0,-1468.0
2024-03-09 02:00:00+00:00,69975.0,69975.0,70301.0,-1623.0
2024-03-09 03:00:00+00:00,68381.0,68381.0,69393.0,-1056.0
2024-03-09 04:00:00+00:00,66389.0,66389.0,66651.0,-1691.0
2024-03-09 05:00:00+00:00,64439.0,64439.0,64413.0,-1781.0
2024-03-09 06:00:00+00:00,62437.0,62437.0,61788.0,-2503.0
2024-03-09 07:00:00+00:00,60709.0,60709.0,59409.0,-2973.0
2024-03-09 08:00:00+00:00,59451.0,59451.0,58164.0,-2876.0
2024-03-09 09:00:00+00:00,58809.0,58809.0,57099.0,-3331.0
2024-03-09 10:00:00+00:00,58709.0,58709.0,56991.0,-3301.0
2024-03-09 11:00:00+00:00,58893.0,58893.0,57372.0,-3084.0
2024-03-09 12:00:00+00:00,59830.0,59830.0,59151.0,-2143.0
2024-03-09 13:00:00+00:00,61550.0,61550.0,61501.0,-1497.0
2024-03-09 14:00:00+00:00,63339.0,63339.0,63543.0,-1422.0
2024-03-09 15:00:00+00:00,64795.0,64795.0,65716.0,-723.0
2024-03-09 16:00:00+00:00,65415.0,65415.0,66700.0,-200.0
2024-03-09 17:00:00+00:00,65209.0,65209.0,67258.0,359.0
2024-03-09 18:00:00+00:00,64766.0,64766.0,66705.0,151.0
2024-03-09 19:00:00+00:00,63832.0,63832.0,64779.0,-829.0
2024-03-09 20:00:00+00:00,63001.0,63001.0,64037.0,-764.0
2024-03-09 21:00:00+00:00,62228.0,62228.0,62964.0,-1075.0
2024-03-09 22:00:00+00:00,62241.0,62241.0,62866.0,-1114.0
2024-03-09 23:00:00+00:00,63161.0,63161.0,64663.0,-314.0
2024-03-10 00:00:00+00:00,64916.0,64916.0,66114.0,-648.0
2024-03-10 01:00:00+00:00,67462.0,67462.0,68329.0,-789.0
2024-03-10 02:00:00+00:00,67982.0,67982.0,68698.0,-904.0
2024-03-10 03:00:00+00:00,67042.0,67042.0,66949.0,-1764.0
2024-03-10 04:00:00+00:00,65729.0,65729.0,64791.0,-2482.0
2024-03-10 05:00:00+00:00,63807.0,63807.0,63317.0,-1917.0
2024-03-10 06:00:00+00:00,62656.0,62656.0,61516.0,-2700.0
2024-03-10 07:00:00+00:00,61961.0,61961.0,59776.0,-3537.0
2024-03-10 08:00:00+00:00,61561.0,61561.0,59562.0,-3327.0
2024-03-10 09:00:00+00:00,61470.0,61470.0,59098.0,-3689.0
2024-03-10 10:00:00+00:00,61569.0,61569.0,59321.0,-3533.0
2024-03-10 11:00:00+00:00,62110.0,62110.0,60311.0,-3204.0
2024-03-10 12:00:00+00:00,63665.0,63665.0,61744.0,-3515.0
2024-03-10 13:00:00+00:00,65431.0,65431.0,63944.0,-3168.0
2024-03-10 14:00:00+00:00,66415.0,66415.0,65173.0,-2925.0
2024-03-10 15:00:00+00:00,65504.0,65504.0,64363.0,-2650.0
2024-03-10 16:00:00+00:00,64196.0,64196.0,63364.0,-2209.0
2024-03-10 17:00:00+00:00,63317.0,63317.0,63277.0,-1505.0
2024-03-10 18:00:00+00:00,62462.0,62462.0,62675.0,-1300.0
2024-03-10 19:00:00+00:00,61369.0,61369.0,61740.0,-1201.0
2024-03-10 20:00:00+00:00,60622.0,60622.0,60914.0,-1323.0
2024-03-10 21:00:00+00:00,60085.0,60085.0,60421.0,-1325.0
2024-03-10 22:00:00+00:00,60487.0,60487.0,61377.0,-1029.0
2024-03-10 23:00:00+00:00,61827.0,61827.0,62513.0,-1282.0
2024-03-11 00:00:00+00:00,64091.0,64091.0,64820.0,-1258.0
2024-03-11 01:00:00+00:00,67083.0,67083.0,68133.0,-1219.0
2024-03-11 02:00:00+00:00,67776.0,67776.0,68827.0,-1116.0
2024-03-11 03:00:00+00:00,66363.0,66363.0,67821.0,-538.0
2024-03-11 04:00:00+00:00,64083.0,64083.0,65721.0,-443.0
2024-03-11 05:00:00+00:00,61829.0,61829.0,63285.0,-472.0
2024-03-11 06:00:00+00:00,60571.0,60571.0,62155.0,-361.0
2024-03-11 07:00:00+00:00,59841.0,59841.0,61807.0,-35.0
2024-03-11 08:00:00+00:00,59922.0,59922.0,61650.0,-375.0
2024-03-11 09:00:00+00:00,60843.0,60843.0,61896.0,-982.0
2024-03-11 10:00:00+00:00,63018.0,63018.0,64111.0,-825.0
2024-03-11 11:00:00+00:00,67027.0,67027.0,68447.0,-669.0
2024-03-11 12:00:00+00:00,72424.0,72424.0,73065.0,-1729.0
2024-03-11 13:00:00+00:00,75212.0,75212.0,74804.0,-2788.0
2024-03-11 14:00:00+00:00,74431.0,74431.0,73239.0,-3321.0
2024-03-11 15:00:00+00:00,72123.0,72123.0,70491.0,-3494.0
2024-03-11 16:00:00+00:00,70433.0,70433.0,68715.0,-3350.0
2024-03-11 17:00:00+00:00,68700.0,68700.0,66442.0,-3860.0
2024-03-11 18:00:00+00:00,67407.0,67407.0,64712.0,-4253.0
2024-03-11 19:00:00+00:00,66374.0,66374.0,63810.0,-4220.0
2024-03-11 20:00:00+00:00,65218.0,65218.0,62697.0,-4475.0
2024-03-11 21:00:00+00:00,64663.0,64663.0,62617.0,-4029.0
2024-03-11 22:00:00+00:00,64592.0,64592.0,63944.0,-2778.0
2024-03-11 23:00:00+00:00,65510.0,65510.0,64740.0,-3137.0
2024-03-12 00:00:00+00:00,66868.0,66868.0,66069.0,-3113.0
2024-03-12 01:00:00+00:00,68746.0,68746.0,69068.0,-2067.0
2024-03-12 02:00:00+00:00,68669.0,68669.0,69507.0,-1786.0
2024-03-12 03:00:00+00:00,66078.0,66078.0,66657.0,-1903.0
2024-03-12 04:00:00+00:00,63345.0,63345.0,63828.0,-2011.0
2024-03-12 05:00:00+00:00,60740.0,60740.0,60699.0,-2355.0
2024-03-12 06:00:00+00:00,59727.0,59727.0,58571.0,-3573.0
2024-03-12 07:00:00+00:00,59096.0,59096.0,57732.0,-3368.0
2024-03-12 08:00:00+00:00,58793.0,58793.0,57299.0,-3721.0
2024-03-12 09:00:00+00:00,59148.0,59148.0,57846.0,-3467.0
2024-03-12 10:00:00+00:00,60520.0,60520.0,59468.0,-3177.0
2024-03-12 11:00:00+00:00,63853.0,63853.0,63395.0,-2695.0
2024-03-12 12:00:00+00:00,69032.0,69032.0,68138.0,-3369.0
2024-03-12 13:00:00+00:00,71522.0,71522.0,70195.0,-3852.0
2024-03-12 14:00:00+00:00,70993.0,70993.0,67256.0,-5823.0
2024-03-12 15:00:00+00:00,69217.0,69217.0,64808.0,-5879.0
2024-03-12 16:00:00+00:00,67773.0,67773.0,63030.0,-6274.0
2024-03-12 17:00:00+00:00,66483.0,66483.0,61364.0,-6456.0
2024-03-12 18:00:00+00:00,65930.0,65930.0,62093.0,-5049.0
2024-03-12 19:00:00+00:00,65605.0,65605.0,62448.0,-4505.0
2024-03-12 20:00:00+00:00,65130.0,65130.0,62395.0,-4056.0
2024-03-12 21:00:00+00:00,64713.0,64713.0,62025.0,-4058.0
2024-03-12 22:00:00+00:00,64858.0,64858.0,61981.0,-4330.0
2024-03-12 23:00:00+00:00,65572.0,65572.0,61769.0,-5288.0
2024-03-13 00:00:00+00:00,66693.0,66693.0,62894.0,-5377.0
2024-03-13 01:00:00+00:00,68423.0,68423.0,64684.0,-5289.0
2024-03-13 02:00:00+00:00,68189.0,68189.0,64648.0,-5130.0
2024-03-13 03:00:00+00:00,65680.0,65680.0,61602.0,-5642.0
2024-03-13 04:00:00+00:00,62895.0,62895.0,59478.0,-4817.0
2024-03-13 05:00:00+00:00,59848.0,59848.0,56983.0,-4244.0
2024-03-13 06:00:00+00:00,57901.0,57901.0,54295.0,-5350.0
2024-03-13 07:00:00+00:00,56878.0,56878.0,51936.0,-6380.0
2024-03-13 08:00:00+00:00,56403.0,56403.0,51231.0,-6537.0
2024-03-13 09:00:00+00:00,56507.0,56507.0,51911.0,-5854.0
2024-03-13 10:00:00+00:00,57648.0,57648.0,53730.0,-5264.0
2024-03-13 11:00:00+00:00,60761.0,60761.0,58186.0,-4044.0
2024-03-13 12:00:00+00:00,65487.0,65487.0,63424.0,-3767.0
2024-03-13 13:00:00+00:00,67932.0,67932.0,65721.0,-3925.0
2024-03-13 14:00:00+00:00,67654.0,67654.0,64824.0,-4483.0
2024-03-13 15:00:00+00:00,66716.0,66716.0,62350.0,-5893.0
2024-03-13 16:00:00+00:00,66624.0,66624.0,61809.0,-6102.0
2024-03-13 17:00:00+00:00,66254.0,66254.0,60788.0,-6783.0
2024-03-13 18:00:00+00:00,66334.0,66334.0,60775.0,-6703.0
2024-03-13 19:00:00+00:00,66604.0,66604.0,61382.0,-6412.0
2024-03-13 20:00:00+00:00,66502.0,66502.0,61268.0,-6398.0
2024-03-13 21:00:00+00:00,66497.0,66497.0,61804.0,-5933.0
2024-03-13 22:00:00+00:00,67076.0,67076.0,62908.0,-5523.0
2024-03-13 23:00:00+00:00,67688.0,67688.0,64051.0,-5008.0
2024-03-14 00:00:00+00:00,68132.0,68132.0,65974.0,-3687.0
2024-03-14 01:00:00+00:00,69442.0,69442.0,67999.0,-3290.0
2024-03-14 02:00:00+00:00,68926.0,68926.0,67518.0,-3300.0
2024-03-14 03:00:00+00:00,66388.0,66388.0,64784.0,-3340.0
2024-03-14 04:00:00+00:00,63326.0,63326.0,62149.0,-3114.0
2024-03-14 05:00:00+00:00,60366.0,60366.0,60284.0,-2012.0
2024-03-14 06:00:00+00:00,58271.0,58271.0,57950.0,-2326.0
2024-03-14 07:00:00+00:00,57097.0,57097.0,56825.0,-2119.0
2024-03-14 08:00:00+00:00,56199.0,56199.0,56110.0,-1906.0
2024-03-14 09:00:00+00:00,56245.0,56245.0,56769.0,-1423.0
2024-03-14 10:00:00+00:00,57534.0,57534.0,58338.0,-1221.0
2024-03-14 11:00:00+00:00,60180.0,60180.0,61353.0,-971.0
2024-03-14 12:00:00+00:00,64909.0,64909.0,65675.0,-1498.0
2024-03-14 13:00:00+00:00,67781.0,67781.0,68354.0,-1718.0
2024-03-14 14:00:00+00:00,68548.0,68548.0,68292.0,-2584.0
2024-03-14 15:00:00+00:00,69290.0,69290.0,67909.0,-3549.0
2024-03-14 16:00:00+00:00,69639.0,69639.0,67830.0,-3858.0
2024-03-14 17:00:00+00:00,69760.0,69760.0,67734.0,-4163.0
2024-03-14 18:00:00+00:00,69861.0,69861.0,68577.0,-3243.0
2024-03-14 19:00:00+00:00,70352.0,70352.0,69538.0,-3116.0
2024-03-14 20:00:00+00:00,70425.0,70425.0,69020.0,-3845.0
2024-03-14 21:00:00+00:00,70379.0,70379.0,69264.0,-3533.0
2024-03-14 22:00:00+00:00,70398.0,70398.0,69282.0,-3567.0
2024-03-14 23:00:00+00:00,70724.0,70724.0,70225.0,-2831.0
2024-03-15 00:00:00+00:00,70940.0,70940.0,70450.0,-2719.0
2024-03-15 01:00:00+00:00,71564.0,71564.0,70425.0,-3310.0
2024-03-15 02:00:00+00:00,70718.0,70718.0,68224.0,-4677.0
2024-03-15 03:00:00+00:00,68043.0,68043.0,64850.0,-5112.0
2024-03-15 04:00:00+00:00,65074.0,65074.0,62527.0,-4338.0
2024-03-15 05:00:00+00:00,62240.0,62240.0,60899.0,-3339.0
2024-03-15 06:00:00+00:00,60686.0,60686.0,58984.0,-3954.0
2024-03-15 07:00:00+00:00,59586.0,59586.0,56508.0,-5270.0
2024-03-15 08:00:00+00:00,58993.0,58993.0,55518.0,-5553.0
2024-03-15 09:00:00+00:00,58933.0,58933.0,55301.0,-5571.0
2024-03-15 10:00:00+00:00,59434.0,59434.0,56319.0,-4993.0
2024-03-15 11:00:00+00:00,62146.0,62146.0,59925.0,-4108.0
2024-03-15 12:00:00+00:00,66415.0,66415.0,64013.0,-4456.0
2024-03-15 13:00:00+00:00,68862.0,68862.0,65912.0,-5105.0
2024-03-15 14:00:00+00:00,69274.0,69274.0,65687.0,-5400.0
2024-03-15 15:00:00+00:00,69479.0,69479.0,65737.0,-5230.0
2024-03-15 16:00:00+00:00,69222.0,69222.0,65510.0,-5078.0
2024-03-15 17:00:00+00:00,68387.0,68387.0,65486.0,-4377.0
2024-03-15 18:00:00+00:00,67898.0,67898.0,65956.0,-3507.0
2024-03-15 19:00:00+00:00,67186.0,67186.0,65921.0,-2773.0
2024-03-15 20:00:00+00:00,66235.0,66235.0,65884.0,-1861.0
2024-03-15 21:00:00+00:00,64778.0,64778.0,64466.0,-1894.0
2024-03-15 22:00:00+00:00,64292.0,64292.0,64492.0,-1382.0
2024-03-15 23:00:00+00:00,64370.0,64370.0,64469.0,-1755.0
2024-03-16 00:00:00+00:00,65109.0,65109.0,64399.0,-2591.0
2024-03-16 01:00:00+00:00,66363.0,66363.0,65408.0,-2905.0
2024-03-16 02:00:00+00:00,66316.0,66316.0,65451.0,-2857.0
2024-03-16 03:00:00+00:00,64530.0,64530.0,63842.0,-2631.0
2024-03-16 04:00:00+00:00,62286.0,62286.0,61578.0,-2688.0
2024-03-16 05:00:00+00:00,60210.0,60210.0,60762.0,-1360.0
2024-03-16 06:00:00+00:00,58780.0,58780.0,59525.0,-1401.0
2024-03-16 07:00:00+00:00,58045.0,58045.0,58646.0,-1541.0
2024-03-16 08:00:00+00:00,57412.0,57412.0,57619.0,-1874.0
2024-03-16 09:00:00+00:00,57316.0,57316.0,58245.0,-1307.0
2024-03-16 10:00:00+00:00,57770.0,57770.0,58625.0,-1377.0
2024-03-16 11:00:00+00:00,59169.0,59169.0,60345.0,-1064.0
2024-03-16 12:00:00+00:00,60627.0,60627.0,62034.0,-880.0
2024-03-16 13:00:00+00:00,61725.0,61725.0,62910.0,-1169.0
2024-03-16 14:00:00+00:00,62772.0,62772.0,63714.0,-1290.0
2024-03-16 15:00:00+00:00,62877.0,62877.0,63642.0,-1454.0
2024-03-16 16:00:00+00:00,62811.0,62811.0,62816.0,-2393.0
2024-03-16 17:00:00+00:00,62321.0,62321.0,62544.0,-2197.0
2024-03-16 18:00:00+00:00,61604.0,61604.0,62118.0,-1833.0
2024-03-16 19:00:00+00:00,61034.0,61034.0,61717.0,-1678.0
2024-03-16 20:00:00+00:00,60873.0,60873.0,61438.0,-1824.0
2024-03-16 21:00:00+00:00,61007.0,61007.0,61569.0,-1893.0
2024-03-16 22:00:00+00:00,61542.0,61542.0,62556.0,-1405.0
2024-03-16 23:00:00+00:00,62100.0,62100.0,63031.0,-1557.0
2024-03-17 00:00:00+00:00,63038.0,63038.0,63721.0,-2020.0
2024-03-17 01:00:00+00:00,64417.0,64417.0,64167.0,-2827.0
2024-03-17 02:00:00+00:00,64360.0,64360.0,64169.0,-2659.0
2024-03-17 03:00:00+00:00,62732.0,62732.0,62420.0,-2656.0
2024-03-17 04:00:00+00:00,60543.0,60543.0,60420.0,-2454.0
2024-03-17 05:00:00+00:00,58596.0,58596.0,58645.0,-2159.0
2024-03-17 06:00:00+00:00,57027.0,57027.0,56053.0,-3398.0
2024-03-17 07:00:00+00:00,55946.0,55946.0,53863.0,-4258.0
2024-03-17 08:00:00+00:00,55626.0,55626.0,53284.0,-4289.0
2024-03-17 09:00:00+00:00,55343.0,55343.0,53774.0,-3560.0
2024-03-17 10:00:00+00:00,55853.0,55853.0,54858.0,-3174.0
2024-03-17 11:00:00+00:00,57040.0,57040.0,56280.0,-2912.0
2024-03-17 12:00:00+00:00,58718.0,58718.0,58105.0,-2989.0
2024-03-17 13:00:00+00:00,60737.0,60737.0,59553.0,-3536.0
2024-03-17 14:00:00+00:00,62390.0,62390.0,61163.0,-3559.0
2024-03-17 15:00:00+00:00,63126.0,63126.0,61431.0,-4039.0
2024-03-17 16:00:00+00:00,63683.0,63683.0,62045.0,-4063.0
2024-03-17 17:00:00+00:00,64007.0,64007.0,62845.0,-3543.0
2024-03-17 18:00:00+00:00,63862.0,63862.0,62211.0,-4242.0
2024-03-17 19:00:00+00:00,63423.0,63423.0,61638.0,-4291.0
2024-03-17 20:00:00+00:00,63197.0,63197.0,61987.0,-3632.0
2024-03-17 21:00:00+00:00,63258.0,63258.0,62633.0,-3096.0
2024-03-17 22:00:00+00:00,64297.0,64297.0,64028.0,-2802.0
2024-03-17 23:00:00+00:00,65764.0,65764.0,65632.0,-2653.0
2024-03-18 00:00:00+00:00,67133.0,67133.0,67752.0,-2042.0
2024-03-18 01:00:00+00:00,69534.0,69534.0,70306.0,-1867.0
2024-03-18 02:00:00+00:00,69729.0,69729.0,69858.0,-2420.0
2024-03-18 03:00:00+00:00,67939.0,67939.0,67264.0,-3117.0
2024-03-18 04:00:00+00:00,65932.0,65932.0,65078.0,-3188.0
2024-03-18 05:00:00+00:00,64139.0,64139.0,63581.0,-2713.0
2024-03-18 06:00:00+00:00,62680.0,62680.0,62925.0,-1890.0
2024-03-18 07:00:00+00:00,62510.0,62510.0,63056.0,-1630.0
2024-03-18 08:00:00+00:00,62393.0,62393.0,62416.0,-2221.0
2024-03-18 09:00:00+00:00,63264.0,63264.0,62939.0,-2544.0
2024-03-18 10:00:00+00:00,64199.0,64199.0,63941.0,-2388.0
2024-03-18 11:00:00+00:00,67635.0,67635.0,67851.0,-1900.0
2024-03-18 12:00:00+00:00,72864.0,72864.0,72573.0,-2389.0
2024-03-18 13:00:00+00:00,75699.0,75699.0,75686.0,-2212.0
2024-03-18 14:00:00+00:00,76249.0,76249.0,74726.0,-3523.0
2024-03-18 15:00:00+00:00,75844.0,75844.0,74690.0,-3304.0
2024-03-18 16:00:00+00:00,75381.0,75381.0,73347.0,-4029.0
2024-03-18 17:00:00+00:00,74421.0,74421.0,71978.0,-4260.0
2024-03-18 18:00:00+00:00,73419.0,73419.0,71255.0,-4003.0
2024-03-18 19:00:00+00:00,72446.0,72446.0,70232.0,-4030.0
2024-03-18 20:00:00+00:00,71325.0,71325.0,69960.0,-3113.0
2024-03-18 21:00:00+00:00,70316.0,70316.0,69712.0,-2441.0
2024-03-18 22:00:00+00:00,70292.0,70292.0,70177.0,-2140.0
2024-03-18 23:00:00+00:00,71114.0,71114.0,70773.0,-2520.0
2024-03-19 00:00:00+00:00,72631.0,72631.0,72035.0,-2714.0
2024-03-19 01:00:00+00:00,74961.0,74961.0,74221.0,-2914.0
2024-03-19 02:00:00+00:00,75171.0,75171.0,75356.0,-2019.0
2024-03-19 03:00:00+00:00,72724.0,72724.0,73041.0,-2154.0
2024-03-19 04:00:00+00:00,69808.0,69808.0,70507.0,-1496.0
2024-03-19 05:00:00+00:00,67818.0,67818.0,69311.0,-845.0
2024-03-19 06:00:00+00:00,66617.0,66617.0,68218.0,-845.0
2024-03-19 07:00:00+00:00,66574.0,66574.0,68601.0,-365.0
2024-03-19 08:00:00+00:00,66659.0,66659.0,68617.0,-574.0
2024-03-19 09:00:00+00:00,67372.0,67372.0,68678.0,-1073.0
2024-03-19 10:00:00+00:00,68423.0,68423.0,69464.0,-1238.0
2024-03-19 11:00:00+00:00,72017.0,72017.0,74289.0,-269.0
2024-03-19 12:00:00+00:00,77167.0,77167.0,78788.0,-1215.0
2024-03-19 13:00:00+00:00,80015.0,80015.0,81100.0,-1731.0
2024-03-19 14:00:00+00:00,79031.0,79031.0,79203.0,-2532.0
2024-03-19 15:00:00+00:00,76717.0,76717.0,76856.0,-2241.0
2024-03-19 16:00:00+00:00,74452.0,74452.0,74676.0,-2101.0
2024-03-19 17:00:00+00:00,72371.0,72371.0,71907.0,-2646.0
2024-03-19 18:00:00+00:00,70603.0,70603.0,70019.0,-2768.0
2024-03-19 19:00:00+00:00,68947.0,68947.0,68965.0,-2109.0
2024-03-19 20:00:00+00:00,67397.0,67397.0,67929.0,-1646.0
2024-03-19 21:00:00+00:00,66411.0,66411.0,68003.0,-632.0
2024-03-19 22:00:00+00:00,66381.0,66381.0,68518.0,-227.0
2024-03-19 23:00:00+00:00,67053.0,67053.0,69460.0,38.0
2024-03-20 00:00:00+00:00,68385.0,68385.0,70099.0,-732.0
2024-03-20 01:00:00+00:00,70735.0,70735.0,71376.0,-1818.0
2024-03-20 02:00:00+00:00,71062.0,71062.0,71748.0,-1795.0
2024-03-20 03:00:00+00:00,68846.0,68846.0,69871.0,-1397.0
2024-03-20 04:00:00+00:00,66532.0,66532.0,67030.0,-1940.0
2024-03-20 05:00:00+00:00,64303.0,64303.0,65173.0,-1391.0
2024-03-20 06:00:00+00:00,63729.0,63729.0,63826.0,-2396.0
2024-03-20 07:00:00+00:00,63047.0,63047.0,62481.0,-2905.0
2024-03-20 08:00:00+00:00,63144.0,63144.0,63619.0,-1917.0
2024-03-20 09:00:00+00:00,63588.0,63588.0,64117.0,-1945.0
2024-03-20 10:00:00+00:00,65501.0,65501.0,66738.0,-1240.0
2024-03-20 11:00:00+00:00,68074.0,68074.0,70192.0,-350.0
2024-03-20 12:00:00+00:00,73046.0,73046.0,74794.0,-840.0
2024-03-20 13:00:00+00:00,75463.0,75463.0,76636.0,-1497.0
2024-03-20 14:00:00+00:00,74612.0,74612.0,76006.0,-1057.0
2024-03-20 15:00:00+00:00,72776.0,72776.0,74246.0,-920.0
2024-03-20 16:00:00+00:00,71179.0,71179.0,73012.0,-413.0
2024-03-20 17:00:00+00:00,69751.0,69751.0,70516.0,-1497.0
2024-03-20 18:00:00+00:00,68867.0,68867.0,68365.0,-2622.0
2024-03-20 19:00:00+00:00,68129.0,68129.0,67244.0,-2719.0
2024-03-20 20:00:00+00:00,67155.0,67155.0,65730.0,-3265.0
2024-03-20 21:00:00+00:00,66657.0,66657.0,65172.0,-3187.0
2024-03-20 22:00:00+00:00,66943.0,66943.0,65462.0,-3115.0
2024-03-20 23:00:00+00:00,67843.0,67843.0,66415.0,-3085.0
2024-03-21 00:00:00+00:00,69444.0,69444.0,68093.0,-2999.0
2024-03-21 01:00:00+00:00,71731.0,71731.0,70128.0,-3220.0
2024-03-21 02:00:00+00:00,72294.0,72294.0,70866.0,-3119.0
2024-03-21 03:00:00+00:00,70448.0,70448.0,68515.0,-3591.0
2024-03-21 04:00:00+00:00,67839.0,67839.0,66030.0,-3266.0
2024-03-21 05:00:00+00:00,66242.0,66242.0,65271.0,-2478.0
2024-03-21 06:00:00+00:00,65263.0,65263.0,63965.0,-2922.0
2024-03-21 07:00:00+00:00,64420.0,64420.0,62700.0,-3228.0
2024-03-21 08:00:00+00:00,64148.0,64148.0,62440.0,-3298.0
2024-03-21 09:00:00+00:00,64701.0,64701.0,63094.0,-3239.0
2024-03-21 10:00:00+00:00,65448.0,65448.0,64199.0,-2710.0
2024-03-21 11:00:00+00:00,68690.0,68690.0,68469.0,-2026.0
2024-03-21 12:00:00+00:00,73933.0,73933.0,74476.0,-1327.0
2024-03-21 13:00:00+00:00,76276.0,76276.0,75969.0,-2188.0
2024-03-21 14:00:00+00:00,76098.0,76098.0,75258.0,-2562.0
2024-03-21 15:00:00+00:00,75216.0,75216.0,74111.0,-2778.0
2024-03-21 16:00:00+00:00,73991.0,73991.0,72577.0,-3211.0
2024-03-21 17:00:00+00:00,72718.0,72718.0,70876.0,-3529.0
2024-03-21 18:00:00+00:00,71356.0,71356.0,69362.0,-3662.0
2024-03-21 19:00:00+00:00,70316.0,70316.0,67937.0,-3976.0
2024-03-21 20:00:00+00:00,69110.0,69110.0,66516.0,-4156.0
2024-03-21 21:00:00+00:00,68036.0,68036.0,66196.0,-3434.0
2024-03-21 22:00:00+00:00,68076.0,68076.0,66791.0,-2844.0
2024-03-21 23:00:00+00:00,68735.0,68735.0,68284.0,-2266.0
2024-03-22 00:00:00+00:00,70241.0,70241.0,71065.0,-1180.0
2024-03-22 01:00:00+00:00,72332.0,72332.0,72974.0,-1539.0
2024-03-22 02:00:00+00:00,72228.0,72228.0,73009.0,-1541.0
2024-03-22 03:00:00+00:00,70291.0,70291.0,71169.0,-1358.0
2024-03-22 04:00:00+00:00,67849.0,67849.0,68695.0,-1385.0
2024-03-22 05:00:00+00:00,66208.0,66208.0,67969.0,-475.0
2024-03-22 06:00:00+00:00,64587.0,64587.0,66689.0,-101.0
2024-03-22 07:00:00+00:00,63576.0,63576.0,66406.0,607.0
2024-03-22 08:00:00+00:00,63215.0,63215.0,65786.0,388.0
2024-03-22 09:00:00+00:00,63420.0,63420.0,65925.0,355.0
2024-03-22 10:00:00+00:00,63940.0,63940.0,66233.0,256.0
2024-03-22 11:00:00+00:00,66434.0,66434.0,68375.0,-280.0
2024-03-22 12:00:00+00:00,70852.0,70852.0,72259.0,-842.0
2024-03-22 13:00:00+00:00,73317.0,73317.0,72923.0,-2769.0
2024-03-22 14:00:00+00:00,74034.0,74034.0,72017.0,-4152.0
2024-03-22 15:00:00+00:00,73897.0,73897.0,72178.0,-3735.0
2024-03-22 16:00:00+00:00,73486.0,73486.0,72044.0,-3344.0
2024-03-22 17:00:00+00:00,72701.0,72701.0,72009.0,-2789.0
2024-03-22 18:00:00+00:00,71864.0,71864.0,71932.0,-2039.0
2024-03-22 19:00:00+00:00,70825.0,70825.0,71304.0,-1597.0
2024-03-22 20:00:00+00:00,70015.0,70015.0,70450.0,-1658.0
2024-03-22 21:00:00+00:00,69560.0,69560.0,70084.0,-1574.0
2024-03-22 22:00:00+00:00,69448.0,69448.0,70161.0,-1434.0
2024-03-22 23:00:00+00:00,69536.0,69536.0,70249.0,-1427.0
2024-03-23 00:00:00+00:00,69655.0,69655.0,69807.0,-2098.0
2024-03-23 01:00:00+00:00,70446.0,70446.0,69994.0,-2562.0
2024-03-23 02:00:00+00:00,70299.0,70299.0,69258.0,-3130.0
2024-03-23 03:00:00+00:00,68702.0,68702.0,66839.0,-3621.0
2024-03-23 04:00:00+00:00,66258.0,66258.0,65040.0,-2947.0
2024-03-23 05:00:00+00:00,64108.0,64108.0,63713.0,-2031.0
2024-03-23 06:00:00+00:00,63629.0,63629.0,62525.0,-2990.0
2024-03-23 07:00:00+00:00,63174.0,63174.0,61267.0,-3582.0
2024-03-23 08:00:00+00:00,62479.0,62479.0,61098.0,-3007.0
2024-03-23 09:00:00+00:00,61533.0,61533.0,60011.0,-3201.0
2024-03-23 10:00:00+00:00,61465.0,61465.0,59823.0,-3236.0
2024-03-23 11:00:00+00:00,63187.0,63187.0,62115.0,-2610.0
2024-03-23 12:00:00+00:00,65378.0,65378.0,63372.0,-3584.0
2024-03-23 13:00:00+00:00,67200.0,67200.0,64584.0,-4210.0
2024-03-23 14:00:00+00:00,68062.0,68062.0,65216.0,-4235.0
2024-03-23 15:00:00+00:00,68177.0,68177.0,65686.0,-3571.0
2024-03-23 16:00:00+00:00,67223.0,67223.0,65143.0,-3252.0
2024-03-23 17:00:00+00:00,65970.0,65970.0,64481.0,-2673.0
2024-03-23 18:00:00+00:00,64519.0,64519.0,63249.0,-2445.0
2024-03-23 19:00:00+00:00,63295.0,63295.0,61567.0,-2912.0
2024-03-23 20:00:00+00:00,62708.0,62708.0,60954.0,-2843.0
2024-03-23 21:00:00+00:00,62294.0,62294.0,61383.0,-2114.0
2024-03-23 22:00:00+00:00,62761.0,62761.0,62723.0,-1508.0
2024-03-23 23:00:00+00:00,63813.0,63813.0,63772.0,-1720.0
2024-03-24 00:00:00+00:00,65207.0,65207.0,64761.0,-2280.0
2024-03-24 01:00:00+00:00,67034.0,67034.0,65733.0,-3182.0
2024-03-24 02:00:00+00:00,67523.0,67523.0,67096.0,-2270.0
2024-03-24 03:00:00+00:00,66330.0,66330.0,66379.0,-1765.0
2024-03-24 04:00:00+00:00,64317.0,64317.0,64524.0,-1616.0
2024-03-24 05:00:00+00:00,62292.0,62292.0,63197.0,-885.0
2024-03-24 06:00:00+00:00,60986.0,60986.0,62123.0,-713.0
2024-03-24 07:00:00+00:00,60228.0,60228.0,60650.0,-1413.0
2024-03-24 08:00:00+00:00,60115.0,60115.0,60858.0,-1272.0
2024-03-24 09:00:00+00:00,59861.0,59861.0,60474.0,-1446.0
2024-03-24 10:00:00+00:00,60381.0,60381.0,60487.0,-1775.0
2024-03-24 11:00:00+00:00,61056.0,61056.0,61522.0,-1629.0
2024-03-24 12:00:00+00:00,62774.0,62774.0,64142.0,-778.0
2024-03-24 13:00:00+00:00,64604.0,64604.0,66381.0,-470.0
2024-03-24 14:00:00+00:00,66309.0,66309.0,67719.0,-981.0
2024-03-24 15:00:00+00:00,66494.0,66494.0,68184.0,-595.0
2024-03-24 16:00:00+00:00,65829.0,65829.0,67497.0,-621.0
2024-03-24 17:00:00+00:00,65583.0,65583.0,66518.0,-1504.0
2024-03-24 18:00:00+00:00,65015.0,65015.0,65920.0,-1344.0
2024-03-24 19:00:00+00:00,64382.0,64382.0,64952.0,-1753.0
2024-03-24 20:00:00+00:00,63739.0,63739.0,64104.0,-1841.0
2024-03-24 21:00:00+00:00,63491.0,63491.0,64638.0,-1207.0
2024-03-24 22:00:00+00:00,64418.0,64418.0,65913.0,-939.0
2024-03-24 23:00:00+00:00,65485.0,65485.0,66869.0,-970.0
2024-03-25 00:00:00+00:00,66298.0,66298.0,68129.0,-582.0
2024-03-25 01:00:00+00:00,67684.0,67684.0,69187.0,-1079.0
2024-03-25 02:00:00+00:00,67917.0,67917.0,69707.0,-778.0
2024-03-25 03:00:00+00:00,65844.0,65844.0,67936.0,-290.0
2024-03-25 04:00:00+00:00,63845.0,63845.0,65990.0,-216.0
2024-03-25 05:00:00+00:00,62047.0,62047.0,64359.0,68.0
2024-03-25 06:00:00+00:00,60325.0,60325.0,61932.0,-730.0
2024-03-25 07:00:00+00:00,59499.0,59499.0,61012.0,-688.0
2024-03-25 08:00:00+00:00,59049.0,59049.0,60557.0,-611.0
2024-03-25 09:00:00+00:00,59015.0,59015.0,60842.0,-343.0
2024-03-25 10:00:00+00:00,60255.0,60255.0,62003.0,-365.0
2024-03-25 11:00:00+00:00,63544.0,63544.0,65829.0,62.0
2024-03-25 12:00:00+00:00,68061.0,68061.0,69778.0,-576.0
2024-03-25 13:00:00+00:00,70442.0,70442.0,71089.0,-1561.0
2024-03-25 14:00:00+00:00,71529.0,71529.0,70549.0,-3263.0
2024-03-25 15:00:00+00:00,71880.0,71880.0,69671.0,-4362.0
2024-03-25 16:00:00+00:00,71923.0,71923.0,69134.0,-4912.0
2024-03-25 17:00:00+00:00,71616.0,71616.0,68154.0,-5527.0
2024-03-25 18:00:00+00:00,71404.0,71404.0,68023.0,-5379.0
2024-03-25 19:00:00+00:00,70936.0,70936.0,67370.0,-5561.0
2024-03-25 20:00:00+00:00,70282.0,70282.0,67025.0,-5239.0
2024-03-25 21:00:00+00:00,69542.0,69542.0,66768.0,-4775.0
2024-03-25 22:00:00+00:00,69620.0,69620.0,67855.0,-3794.0
2024-03-25 23:00:00+00:00,69900.0,69900.0,69052.0,-3069.0
2024-03-26 00:00:00+00:00,70309.0,70309.0,69991.0,-2426.0
2024-03-26 01:00:00+00:00,71029.0,71029.0,70857.0,-2389.0
2024-03-26 02:00:00+00:00,70410.0,70410.0,70551.0,-2041.0
2024-03-26 03:00:00+00:00,68171.0,68171.0,68458.0,-1937.0
2024-03-26 04:00:00+00:00,65188.0,65188.0,64849.0,-2303.0
2024-03-26 05:00:00+00:00,63081.0,63081.0,63521.0,-1449.0
2024-03-26 06:00:00+00:00,61515.0,61515.0,61511.0,-2109.0
2024-03-26 07:00:00+00:00,60796.0,60796.0,60186.0,-2584.0
2024-03-26 08:00:00+00:00,60133.0,60133.0,60031.0,-2082.0
2024-03-26 09:00:00+00:00,60492.0,60492.0,60789.0,-1761.0
2024-03-26 10:00:00+00:00,60811.0,60811.0,61278.0,-1629.0
2024-03-26 11:00:00+00:00,63701.0,63701.0,65394.0,-381.0
2024-03-26 12:00:00+00:00,68534.0,68534.0,70477.0,-394.0
2024-03-26 13:00:00+00:00,71211.0,71211.0,73018.0,-682.0
2024-03-26 14:00:00+00:00,72247.0,72247.0,73255.0,-1532.0
2024-03-26 15:00:00+00:00,72635.0,72635.0,73481.0,-1691.0
2024-03-26 16:00:00+00:00,72702.0,72702.0,73359.0,-1758.0
2024-03-26 17:00:00+00:00,72294.0,72294.0,72298.0,-2386.0
2024-03-26 18:00:00+00:00,71856.0,71856.0,72165.0,-2149.0
2024-03-26 19:00:00+00:00,71462.0,71462.0,71686.0,-2073.0
2024-03-26 20:00:00+00:00,70691.0,70691.0,70931.0,-2162.0
2024-03-26 21:00:00+00:00,70521.0,70521.0,70968.0,-1726.0
2024-03-26 22:00:00+00:00,70822.0,70822.0,71868.0,-1390.0
2024-03-26 23:00:00+00:00,71413.0,71413.0,73420.0,-469.0
2024-03-27 00:00:00+00:00,72072.0,72072.0,74317.0,-222.0
2024-03-27 01:00:00+00:00,72996.0,72996.0,75025.0,-422.0
2024-03-27 02:00:00+00:00,72916.0,72916.0,74808.0,-468.0
2024-03-27 03:00:00+00:00,70624.0,70624.0,72449.0,-466.0
2024-03-27 04:00:00+00:00,68306.0,68306.0,69645.0,-811.0
2024-03-27 05:00:00+00:00,65869.0,65869.0,67213.0,-656.0
2024-03-27 06:00:00+00:00,64903.0,64903.0,64900.0,-2239.0
2024-03-27 07:00:00+00:00,64403.0,64403.0,62606.0,-3652.0
2024-03-27 08:00:00+00:00,63429.0,63429.0,61687.0,-3421.0
2024-03-27 09:00:00+00:00,63202.0,63202.0,60954.0,-3772.0
2024-03-27 10:00:00+00:00,64599.0,64599.0,63105.0,-2968.0
2024-03-27 11:00:00+00:00,68025.0,68025.0,67534.0,-2148.0
2024-03-27 12:00:00+00:00,72879.0,72879.0,72287.0,-2314.0
2024-03-27 13:00:00+00:00,75522.0,75522.0,74677.0,-2606.0
2024-03-27 14:00:00+00:00,75517.0,75517.0,75060.0,-1973.0
2024-03-27 15:00:00+00:00,74552.0,74552.0,74387.0,-1661.0
2024-03-27 16:00:00+00:00,73518.0,73518.0,74050.0,-844.0
2024-03-27 17:00:00+00:00,72340.0,72340.0,73758.0,55.0
2024-03-27 18:00:00+00:00,71188.0,71188.0,72342.0,-396.0
2024-03-27 19:00:00+00:00,70075.0,70075.0,71669.0,232.0
2024-03-27 20:00:00+00:00,68758.0,68758.0,70727.0,485.0
2024-03-27 21:00:00+00:00,67692.0,67692.0,69017.0,-177.0
2024-03-27 22:00:00+00:00,67423.0,67423.0,68495.0,-494.0
2024-03-27 23:00:00+00:00,67970.0,67970.0,68905.0,-578.0
2024-03-28 00:00:00+00:00,69194.0,69194.0,69744.0,-1067.0
2024-03-28 01:00:00+00:00,71450.0,71450.0,70817.0,-2139.0
2024-03-28 02:00:00+00:00,72420.0,72420.0,71225.0,-2537.0
2024-03-28 03:00:00+00:00,70713.0,70713.0,69519.0,-2543.0
2024-03-28 04:00:00+00:00,68206.0,68206.0,66962.0,-2492.0
2024-03-28 05:00:00+00:00,66639.0,66639.0,66035.0,-1838.0
2024-03-28 06:00:00+00:00,66105.0,66105.0,64136.0,-3230.0
2024-03-28 07:00:00+00:00,65483.0,65483.0,63249.0,-3427.0
2024-03-28 08:00:00+00:00,65424.0,65424.0,63314.0,-3228.0
2024-03-28 09:00:00+00:00,65778.0,65778.0,63957.0,-3025.0
2024-03-28 10:00:00+00:00,66469.0,66469.0,64537.0,-3059.0
2024-03-28 11:00:00+00:00,69679.0,69679.0,67384.0,-3562.0
2024-03-28 12:00:00+00:00,74453.0,74453.0,72128.0,-3723.0
2024-03-28 13:00:00+00:00,76256.0,76256.0,74440.0,-3205.0
2024-03-28 14:00:00+00:00,74736.0,74736.0,73432.0,-2447.0
2024-03-28 15:00:00+00:00,72606.0,72606.0,72181.0,-1604.0
2024-03-28 16:00:00+00:00,71150.0,71150.0,70902.0,-1346.0
2024-03-28 17:00:00+00:00,69383.0,69383.0,69342.0,-1394.0
2024-03-28 18:00:00+00:00,68286.0,68286.0,67693.0,-1848.0
2024-03-28 19:00:00+00:00,67356.0,67356.0,66752.0,-1913.0
2024-03-28 20:00:00+00:00,66179.0,66179.0,65081.0,-2348.0
2024-03-28 21:00:00+00:00,65606.0,65606.0,64543.0,-2383.0
2024-03-28 22:00:00+00:00,65274.0,65274.0,63864.0,-2605.0
2024-03-28 23:00:00+00:00,65861.0,65861.0,64293.0,-2751.0
2024-03-29 00:00:00+00:00,66772.0,66772.0,64940.0,-3160.0
2024-03-29 01:00:00+00:00,68439.0,68439.0,66946.0,-2833.0
2024-03-29 02:00:00+00:00,68735.0,68735.0,68123.0,-2352.0
2024-03-29 03:00:00+00:00,67066.0,67066.0,67118.0,-1799.0
2024-03-29 04:00:00+00:00,64885.0,64885.0,64910.0,-1999.0
2024-03-29 05:00:00+00:00,62690.0,62690.0,62939.0,-1704.0
2024-03-29 06:00:00+00:00,61853.0,61853.0,61416.0,-2488.0
2024-03-29 07:00:00+00:00,60984.0,60984.0,59961.0,-3031.0
2024-03-29 08:00:00+00:00,60742.0,60742.0,59352.0,-3284.0
2024-03-29 09:00:00+00:00,61037.0,61037.0,59296.0,-3736.0
2024-03-29 10:00:00+00:00,61417.0,61417.0,60421.0,-2879.0
2024-03-29 11:00:00+00:00,63159.0,63159.0,63679.0,-1553.0
2024-03-29 12:00:00+00:00,66341.0,66341.0,67327.0,-1310.0
2024-03-29 13:00:00+00:00,68196.0,68196.0,69527.0,-947.0
2024-03-29 14:00:00+00:00,68157.0,68157.0,68379.0,-2011.0
2024-03-29 15:00:00+00:00,66979.0,66979.0,66066.0,-2756.0
2024-03-29 16:00:00+00:00,65648.0,65648.0,64198.0,-3256.0
2024-03-29 17:00:00+00:00,64456.0,64456.0,62165.0,-3866.0
2024-03-29 18:00:00+00:00,63391.0,63391.0,60642.0,-4143.0
2024-03-29 19:00:00+00:00,62843.0,62843.0,59919.0,-4277.0
2024-03-29 20:00:00+00:00,62303.0,62303.0,59382.0,-4566.0
2024-03-29 21:00:00+00:00,62132.0,62132.0,60121.0,-4381.0
2024-03-29 22:00:00+00:00,62640.0,62640.0,60182.0,-4586.0
2024-03-29 23:00:00+00:00,63209.0,63209.0,59972.0,-4667.0
2024-03-30 00:00:00+00:00,63511.0,63511.0,59954.0,-4959.0
2024-03-30 01:00:00+00:00,64457.0,64457.0,60722.0,-5110.0
2024-03-30 02:00:00+00:00,64232.0,64232.0,61322.0,-4482.0
2024-03-30 03:00:00+00:00,62634.0,62634.0,59866.0,-4439.0
2024-03-30 04:00:00+00:00,61041.0,61041.0,59097.0,-3355.0
2024-03-30 05:00:00+00:00,58645.0,58645.0,57680.0,-2671.0
2024-03-30 06:00:00+00:00,57040.0,57040.0,55919.0,-2963.0
2024-03-30 07:00:00+00:00,55815.0,55815.0,54520.0,-3077.0
2024-03-30 08:00:00+00:00,55284.0,55284.0,54408.0,-2667.0
2024-03-30 09:00:00+00:00,55189.0,55189.0,54673.0,-2348.0
2024-03-30 10:00:00+00:00,55250.0,55250.0,54980.0,-2039.0
2024-03-30 11:00:00+00:00,55520.0,55520.0,56702.0,-726.0
2024-03-30 12:00:00+00:00,57173.0,57173.0,58243.0,-883.0
2024-03-30 13:00:00+00:00,58839.0,58839.0,59242.0,-1574.0
2024-03-30 14:00:00+00:00,60574.0,60574.0,60760.0,-1709.0
2024-03-30 15:00:00+00:00,61218.0,61218.0,61264.0,-2040.0
2024-03-30 16:00:00+00:00,61355.0,61355.0,60754.0,-2516.0
2024-03-30 17:00:00+00:00,61429.0,61429.0,59344.0,-3756.0
2024-03-30 18:00:00+00:00,61445.0,61445.0,59026.0,-3929.0
2024-03-30 19:00:00+00:00,61318.0,61318.0,58748.0,-3885.0
2024-03-30 20:00:00+00:00,61326.0,61326.0,58667.0,-3921.0
2024-03-30 21:00:00+00:00,61597.0,61597.0,58685.0,-4128.0
2024-03-30 22:00:00+00:00,62455.0,62455.0,59783.0,-3809.0
2024-03-30 23:00:00+00:00,63245.0,63245.0,60762.0,-3583.0
2024-03-31 00:00:00+00:00,63752.0,63752.0,61444.0,-3375.0
2024-03-31 01:00:00+00:00,64569.0,64569.0,62913.0,-2833.0
2024-03-31 02:00:00+00:00,64818.0,64818.0,62840.0,-3143.0
2024-03-31 03:00:00+00:00,62938.0,62938.0,60698.0,-3463.0
2024-03-31 04:00:00+00:00,60300.0,60300.0,58153.0,-3245.0
2024-03-31 05:00:00+00:00,58142.0,58142.0,56749.0,-2539.0
2024-03-31 06:00:00+00:00,56782.0,56782.0,54129.0,-3920.0
2024-03-31 07:00:00+00:00,55856.0,55856.0,52811.0,-4149.0
2024-03-31 08:00:00+00:00,55268.0,55268.0,51418.0,-4805.0
2024-03-31 09:00:00+00:00,54521.0,54521.0,49732.0,-5811.0
2024-03-31 10:00:00+00:00,54360.0,54360.0,50113.0,-5310.0
2024-03-31 11:00:00+00:00,54652.0,54652.0,50402.0,-5249.0
2024-03-31 12:00:00+00:00,56260.0,56260.0,52318.0,-5013.0
2024-03-31 13:00:00+00:00,58028.0,58028.0,53047.0,-6041.0
2024-03-31 14:00:00+00:00,60098.0,60098.0,55432.0,-5646.0
2024-03-31 15:00:00+00:00,61184.0,61184.0,55844.0,-6445.0
2024-03-31 16:00:00+00:00,61241.0,61241.0,55905.0,-6347.0
2024-03-31 17:00:00+00:00,61145.0,61145.0,56345.0,-5801.0
2024-03-31 18:00:00+00:00,60737.0,60737.0,55826.0,-5933.0
2024-03-31 19:00:00+00:00,60193.0,60193.0,55624.0,-5606.0
2024-03-31 20:00:00+00:00,60033.0,60033.0,55990.0,-5237.0
2024-03-31 21:00:00+00:00,60312.0,60312.0,57151.0,-4409.0
2024-03-31 22:00:00+00:00,61031.0,61031.0,58503.0,-4077.0
2024-03-31 23:00:00+00:00,61938.0,61938.0,59900.0,-3606.0
2024-04-01 00:00:00+00:00,62972.0,62972.0,61264.0,-3651.0
2024-04-01 01:00:00+00:00,64639.0,64639.0,62712.0,-3739.0
2024-04-01 02:00:00+00:00,65135.0,65135.0,63435.0,-3530.0
2024-04-01 03:00:00+00:00,63226.0,63226.0,61033.0,-4111.0
2024-04-01 04:00:00+00:00,61421.0,61421.0,59722.0,-3390.0
2024-04-01 05:00:00+00:00,59118.0,59118.0,58041.0,-2686.0
2024-04-01 06:00:00+00:00,57434.0,57434.0,55889.0,-3206.0
2024-04-01 07:00:00+00:00,56498.0,56498.0,54770.0,-3241.0
2024-04-01 08:00:00+00:00,55571.0,55571.0,53845.0,-3142.0
2024-04-01 09:00:00+00:00,55497.0,55497.0,53774.0,-3126.0
2024-04-01 10:00:00+00:00,57162.0,57162.0,56042.0,-2683.0
2024-04-01 11:00:00+00:00,60662.0,60662.0,60277.0,-2287.0
2024-04-01 12:00:00+00:00,64929.0,64929.0,63824.0,-3131.0
2024-04-01 13:00:00+00:00,67665.0,67665.0,65850.0,-3758.0
2024-04-01 14:00:00+00:00,68975.0,68975.0,66623.0,-4245.0
2024-04-01 15:00:00+00:00,70001.0,70001.0,68668.0,-3096.0
2024-04-01 16:00:00+00:00,70926.0,70926.0,69844.0,-2987.0
2024-04-01 17:00:00+00:00,71450.0,71450.0,70370.0,-2839.0
2024-04-01 18:00:00+00:00,71805.0,71805.0,70236.0,-3466.0
2024-04-01 19:00:00+00:00,72039.0,72039.0,69920.0,-3903.0
2024-04-01 20:00:00+00:00,71825.0,71825.0,69659.0,-3984.0
2024-04-01 21:00:00+00:00,71624.0,71624.0,70199.0,-3348.0
2024-04-01 22:00:00+00:00,71680.0,71680.0,70534.0,-3155.0
2024-04-01 23:00:00+00:00,72307.0,72307.0,71368.0,-3015.0
2024-04-02 00:00:00+00:00,72563.0,72563.0,72360.0,-2256.0
2024-04-02 01:00:00+00:00,72819.0,72819.0,72978.0,-1864.0
2024-04-02 02:00:00+00:00,72530.0,72530.0,71916.0,-2608.0
2024-04-02 03:00:00+00:00,70224.0,70224.0,69236.0,-2695.0
2024-04-02 04:00:00+00:00,66417.0,66417.0,65678.0,-2434.0
2024-04-02 05:00:00+00:00,63506.0,63506.0,63449.0,-1806.0
2024-04-02 06:00:00+00:00,61585.0,61585.0,61430.0,-2025.0
2024-04-02 07:00:00+00:00,60396.0,60396.0,59651.0,-2625.0
2024-04-02 08:00:00+00:00,59863.0,59863.0,58946.0,-2732.0
2024-04-02 09:00:00+00:00,59436.0,59436.0,58753.0,-2539.0
2024-04-02 10:00:00+00:00,60196.0,60196.0,60213.0,-1898.0
2024-04-02 11:00:00+00:00,63417.0,63417.0,63336.0,-2158.0
2024-04-02 12:00:00+00:00,67362.0,67362.0,66529.0,-2926.0
2024-04-02 13:00:00+00:00,69563.0,69563.0,68965.0,-2709.0
2024-04-02 14:00:00+00:00,70441.0,70441.0,70311.0,-2262.0
2024-04-02 15:00:00+00:00,71263.0,71263.0,71159.0,-2285.0
2024-04-02 16:00:00+00:00,72198.0,72198.0,71595.0,-2829.0
2024-04-02 17:00:00+00:00,72561.0,72561.0,71968.0,-2952.0
2024-04-02 18:00:00+00:00,72825.0,72825.0,72711.0,-2424.0
2024-04-02 19:00:00+00:00,72754.0,72754.0,73454.0,-1709.0
2024-04-02 20:00:00+00:00,72118.0,72118.0,72407.0,-2206.0
2024-04-02 21:00:00+00:00,71896.0,71896.0,71474.0,-2610.0
2024-04-02 22:00:00+00:00,71656.0,71656.0,71343.0,-2524.0
2024-04-02 23:00:00+00:00,71786.0,71786.0,72406.0,-1500.0
2024-04-03 00:00:00+00:00,71818.0,71818.0,72176.0,-1859.0
2024-04-03 01:00:00+00:00,72005.0,72005.0,71962.0,-2352.0
2024-04-03 02:00:00+00:00,71582.0,71582.0,71556.0,-2187.0
2024-04-03 03:00:00+00:00,69042.0,69042.0,69528.0,-1626.0
2024-04-03 04:00:00+00:00,65818.0,65818.0,66422.0,-1445.0
2024-04-03 05:00:00+00:00,62817.0,62817.0,64252.0,-629.0
2024-04-03 06:00:00+00:00,60789.0,60789.0,61939.0,-921.0
2024-04-03 07:00:00+00:00,59417.0,59417.0,59699.0,-1865.0
2024-04-03 08:00:00+00:00,58861.0,58861.0,58736.0,-2040.0
2024-04-03 09:00:00+00:00,58792.0,58792.0,59249.0,-1458.0
2024-04-03 10:00:00+00:00,60463.0,60463.0,61350.0,-1129.0
2024-04-03 11:00:00+00:00,63999.0,63999.0,64108.0,-2018.0
2024-04-03 12:00:00+00:00,68566.0,68566.0,68128.0,-2785.0
2024-04-03 13:00:00+00:00,71112.0,71112.0,70775.0,-2621.0
2024-04-03 14:00:00+00:00,71490.0,71490.0,72015.0,-1921.0
2024-04-03 15:00:00+00:00,71405.0,71405.0,71842.0,-1893.0
2024-04-03 16:00:00+00:00,71073.0,71073.0,72064.0,-1301.0
2024-04-03 17:00:00+00:00,70428.0,70428.0,71513.0,-1203.0
2024-04-03 18:00:00+00:00,69919.0,69919.0,71054.0,-1082.0
2024-04-03 19:00:00+00:00,69572.0,69572.0,71192.0,-611.0
2024-04-03 20:00:00+00:00,69023.0,69023.0,70444.0,-804.0
2024-04-03 21:00:00+00:00,68930.0,68930.0,70401.0,-812.0
2024-04-03 22:00:00+00:00,69645.0,69645.0,70906.0,-1192.0
2024-04-03 23:00:00+00:00,70180.0,70180.0,71557.0,-1214.0
2024-04-04 00:00:00+00:00,70747.0,70747.0,72245.0,-990.0
2024-04-04 01:00:00+00:00,71697.0,71697.0,73277.0,-871.0
2024-04-04 02:00:00+00:00,71970.0,71970.0,74126.0,-140.0
2024-04-04 03:00:00+00:00,69626.0,69626.0,71978.0,-3.0
2024-04-04 04:00:00+00:00,66501.0,66501.0,69174.0,434.0
2024-04-04 05:00:00+00:00,63845.0,63845.0,66076.0,-25.0
2024-04-04 06:00:00+00:00,62058.0,62058.0,64708.0,474.0
2024-04-04 07:00:00+00:00,61208.0,61208.0,64190.0,856.0
2024-04-04 08:00:00+00:00,60855.0,60855.0,63712.0,808.0
2024-04-04 09:00:00+00:00,61374.0,61374.0,63660.0,199.0
2024-04-04 10:00:00+00:00,62835.0,62835.0,65170.0,236.0
2024-04-04 11:00:00+00:00,66203.0,66203.0,67819.0,-650.0
2024-04-04 12:00:00+00:00,71189.0,71189.0,72494.0,-1063.0
2024-04-04 13:00:00+00:00,73290.0,73290.0,74665.0,-826.0
2024-04-04 14:00:00+00:00,73168.0,73168.0,74034.0,-1094.0
2024-04-04 15:00:00+00:00,72237.0,72237.0,73219.0,-872.0
2024-04-04 16:00:00+00:00,71538.0,71538.0,71359.0,-2338.0
2024-04-04 17:00:00+00:00,70507.0,70507.0,70156.0,-2556.0
2024-04-04 18:00:00+00:00,69925.0,69925.0,70050.0,-1929.0
2024-04-04 19:00:00+00:00,69554.0,69554.0,70839.0,-849.0
2024-04-04 20:00:00+00:00,69036.0,69036.0,69974.0,-1183.0
2024-04-04 21:00:00+00:00,68852.0,68852.0,69894.0,-894.0
2024-04-04 22:00:00+00:00,68922.0,68922.0,69376.0,-1380.0
2024-04-04 23:00:00+00:00,69293.0,69293.0,69770.0,-1201.0
2024-04-05 00:00:00+00:00,69999.0,69999.0,70110.0,-1627.0
2024-04-05 01:00:00+00:00,71076.0,71076.0,69417.0,-3380.0
2024-04-05 02:00:00+00:00,71438.0,71438.0,68632.0,-4200.0
2024-04-05 03:00:00+00:00,69268.0,69268.0,67411.0,-3083.0
2024-04-05 04:00:00+00:00,66381.0,66381.0,65329.0,-2151.0
2024-04-05 05:00:00+00:00,63667.0,63667.0,62634.0,-2284.0
2024-04-05 06:00:00+00:00,62018.0,62018.0,60815.0,-2597.0
2024-04-05 07:00:00+00:00,61053.0,61053.0,59132.0,-3211.0
2024-04-05 08:00:00+00:00,60722.0,60722.0,58939.0,-3064.0
2024-04-05 09:00:00+00:00,60728.0,60728.0,59095.0,-2899.0
2024-04-05 10:00:00+00:00,62176.0,62176.0,60490.0,-2990.0
2024-04-05 11:00:00+00:00,65755.0,65755.0,63448.0,-3757.0
2024-04-05 12:00:00+00:00,70227.0,70227.0,67262.0,-4413.0
2024-04-05 13:00:00+00:00,72129.0,72129.0,69222.0,-4301.0
2024-04-05 14:00:00+00:00,71389.0,71389.0,67960.0,-4771.0
2024-04-05 15:00:00+00:00,70288.0,70288.0,67029.0,-4388.0
2024-04-05 16:00:00+00:00,69238.0,69238.0,66925.0,-3355.0
2024-04-05 17:00:00+00:00,68645.0,68645.0,67035.0,-2839.0
2024-04-05 18:00:00+00:00,68371.0,68371.0,67089.0,-2421.0
2024-04-05 19:00:00+00:00,67880.0,67880.0,66523.0,-2705.0
2024-04-05 20:00:00+00:00,67266.0,67266.0,65746.0,-2992.0
2024-04-05 21:00:00+00:00,67023.0,67023.0,65440.0,-3058.0
2024-04-05 22:00:00+00:00,67089.0,67089.0,65687.0,-2941.0
2024-04-05 23:00:00+00:00,67288.0,67288.0,66257.0,-2698.0
2024-04-06 00:00:00+00:00,67465.0,67465.0,67187.0,-2146.0
2024-04-06 01:00:00+00:00,68106.0,68106.0,67965.0,-2148.0
2024-04-06 02:00:00+00:00,68591.0,68591.0,69384.0,-1288.0
2024-04-06 03:00:00+00:00,66734.0,66734.0,68228.0,-525.0
2024-04-06 04:00:00+00:00,63936.0,63936.0,64954.0,-1119.0
2024-04-06 05:00:00+00:00,61838.0,61838.0,63069.0,-752.0
2024-04-06 06:00:00+00:00,59944.0,59944.0,61621.0,-200.0
2024-04-06 07:00:00+00:00,58911.0,58911.0,60548.0,-263.0
2024-04-06 08:00:00+00:00,58353.0,58353.0,60346.0,115.0
2024-04-06 09:00:00+00:00,58138.0,58138.0,60047.0,-58.0
2024-04-06 10:00:00+00:00,58839.0,58839.0,60929.0,197.0
2024-04-06 11:00:00+00:00,60233.0,60233.0,62444.0,244.0
2024-04-06 12:00:00+00:00,62037.0,62037.0,63883.0,-216.0
2024-04-06 13:00:00+00:00,63037.0,63037.0,64352.0,-787.0
2024-04-06 14:00:00+00:00,63194.0,63194.0,64810.0,-406.0
2024-04-06 15:00:00+00:00,62707.0,62707.0,64302.0,-469.0
2024-04-06 16:00:00+00:00,61982.0,61982.0,63457.0,-572.0
2024-04-06 17:00:00+00:00,61187.0,61187.0,62136.0,-1040.0
2024-04-06 18:00:00+00:00,60553.0,60553.0,61388.0,-1089.0
2024-04-06 19:00:00+00:00,59901.0,59901.0,60558.0,-1352.0
2024-04-06 20:00:00+00:00,59519.0,59519.0,60265.0,-1190.0
2024-04-06 21:00:00+00:00,59530.0,59530.0,60454.0,-974.0
2024-04-06 22:00:00+00:00,60179.0,60179.0,61328.0,-842.0
2024-04-06 23:00:00+00:00,61017.0,61017.0,62086.0,-882.0
2024-04-07 00:00:00+00:00,61932.0,61932.0,63385.0,-742.0
2024-04-07 01:00:00+00:00,63129.0,63129.0,64278.0,-1060.0
2024-04-07 02:00:00+00:00,64051.0,64051.0,65573.0,-790.0
2024-04-07 03:00:00+00:00,62809.0,62809.0,64056.0,-911.0
2024-04-07 04:00:00+00:00,60515.0,60515.0,61638.0,-1096.0
2024-04-07 05:00:00+00:00,58907.0,58907.0,60812.0,-290.0
2024-04-07 06:00:00+00:00,57954.0,57954.0,59664.0,-536.0
2024-04-07 07:00:00+00:00,57014.0,57014.0,58282.0,-896.0
2024-04-07 08:00:00+00:00,56413.0,56413.0,57066.0,-1593.0
2024-04-07 09:00:00+00:00,55978.0,55978.0,56653.0,-1579.0
2024-04-07 10:00:00+00:00,55815.0,55815.0,56691.0,-1265.0
2024-04-07 11:00:00+00:00,56539.0,56539.0,57739.0,-982.0
2024-04-07 12:00:00+00:00,57722.0,57722.0,58066.0,-1974.0
2024-04-07 13:00:00+00:00,59014.0,59014.0,58829.0,-2402.0
2024-04-07 14:00:00+00:00,60265.0,60265.0,58718.0,-3839.0
2024-04-07 15:00:00+00:00,61650.0,61650.0,59755.0,-4047.0
2024-04-07 16:00:00+00:00,62488.0,62488.0,61141.0,-3451.0
2024-04-07 17:00:00+00:00,63034.0,63034.0,62041.0,-3203.0
2024-04-07 18:00:00+00:00,63675.0,63675.0,62166.0,-3566.0
2024-04-07 19:00:00+00:00,63769.0,63769.0,62846.0,-2900.0
2024-04-07 20:00:00+00:00,63839.0,63839.0,63230.0,-2793.0
2024-04-07 21:00:00+00:00,64221.0,64221.0,63425.0,-3260.0
2024-04-07 22:00:00+00:00,65067.0,65067.0,64655.0,-2680.0
2024-04-07 23:00:00+00:00,66067.0,66067.0,65575.0,-2830.0
2024-04-08 00:00:00+00:00,66310.0,66310.0,65779.0,-2808.0
2024-04-08 01:00:00+00:00,66859.0,66859.0,67015.0,-2155.0
2024-04-08 02:00:00+00:00,66870.0,66870.0,66499.0,-2616.0
2024-04-08 03:00:00+00:00,64745.0,64745.0,64113.0,-2721.0
2024-04-08 04:00:00+00:00,62116.0,62116.0,61337.0,-2669.0
2024-04-08 05:00:00+00:00,60142.0,60142.0,59392.0,-2485.0
2024-04-08 06:00:00+00:00,58584.0,58584.0,56899.0,-3448.0
2024-04-08 07:00:00+00:00,57503.0,57503.0,56228.0,-2968.0
2024-04-08 08:00:00+00:00,56873.0,56873.0,56025.0,-2683.0
2024-04-08 09:00:00+00:00,56755.0,56755.0,55881.0,-2638.0
2024-04-08 10:00:00+00:00,58444.0,58444.0,58062.0,-2060.0
2024-04-08 11:00:00+00:00,61463.0,61463.0,61801.0,-1282.0
2024-04-08 12:00:00+00:00,65781.0,65781.0,65452.0,-2117.0
2024-04-08 13:00:00+00:00,68046.0,68046.0,67073.0,-2671.0
2024-04-08 14:00:00+00:00,68640.0,68640.0,67240.0,-2777.0
2024-04-08 15:00:00+00:00,68811.0,68811.0,67939.0,-2412.0
2024-04-08 16:00:00+00:00,68956.0,68956.0,67669.0,-2956.0
2024-04-08 17:00:00+00:00,69134.0,69134.0,67575.0,-3347.0
2024-04-08 18:00:00+00:00,68995.0,68995.0,67856.0,-2973.0
2024-04-08 19:00:00+00:00,69111.0,69111.0,68008.0,-2879.0
2024-04-08 20:00:00+00:00,68362.0,68362.0,66612.0,-3212.0
2024-04-08 21:00:00+00:00,67302.0,67302.0,65845.0,-2876.0
2024-04-08 22:00:00+00:00,67576.0,67576.0,66337.0,-2889.0
2024-04-08 23:00:00+00:00,68094.0,68094.0,66494.0,-3396.0
2024-04-09 00:00:00+00:00,68915.0,68915.0,67488.0,-3260.0
2024-04-09 01:00:00+00:00,69457.0,69457.0,67823.0,-3425.0
2024-04-09 02:00:00+00:00,69593.0,69593.0,68259.0,-2979.0
2024-04-09 03:00:00+00:00,66994.0,66994.0,66017.0,-2589.0
2024-04-09 04:00:00+00:00,63635.0,63635.0,63662.0,-1728.0
2024-04-09 05:00:00+00:00,60732.0,60732.0,61020.0,-1496.0
2024-04-09 06:00:00+00:00,59176.0,59176.0,58964.0,-2111.0
2024-04-09 07:00:00+00:00,58646.0,58646.0,57492.0,-2991.0
2024-04-09 08:00:00+00:00,58248.0,58248.0,57069.0,-2819.0
2024-04-09 09:00:00+00:00,58259.0,58259.0,57191.0,-2734.0
2024-04-09 10:00:00+00:00,58734.0,58734.0,57300.0,-3169.0
2024-04-09 11:00:00+00:00,61194.0,61194.0,59638.0,-3220.0
2024-04-09 12:00:00+00:00,65837.0,65837.0,63538.0,-4048.0
2024-04-09 13:00:00+00:00,67914.0,67914.0,65675.0,-3827.0
2024-04-09 14:00:00+00:00,68227.0,68227.0,65889.0,-3562.0
2024-04-09 15:00:00+00:00,68122.0,68122.0,66117.0,-3338.0
2024-04-09 16:00:00+00:00,67887.0,67887.0,66636.0,-2427.0
2024-04-09 17:00:00+00:00,67640.0,67640.0,67081.0,-2039.0
2024-04-09 18:00:00+00:00,67939.0,67939.0,67777.0,-1603.0
2024-04-09 19:00:00+00:00,67988.0,67988.0,68009.0,-1546.0
2024-04-09 20:00:00+00:00,67673.0,67673.0,67531.0,-1821.0
2024-04-09 21:00:00+00:00,67416.0,67416.0,67206.0,-1738.0
2024-04-09 22:00:00+00:00,67465.0,67465.0,67037.0,-2024.0
2024-04-09 23:00:00+00:00,68033.0,68033.0,67704.0,-1917.0
2024-04-10 00:00:00+00:00,68462.0,68462.0,67186.0,-2912.0
2024-04-10 01:00:00+00:00,69271.0,69271.0,67409.0,-3243.0
2024-04-10 02:00:00+00:00,69363.0,69363.0,67179.0,-3547.0
2024-04-10 03:00:00+00:00,66987.0,66987.0,64955.0,-3143.0
2024-04-10 04:00:00+00:00,63589.0,63589.0,61795.0,-2717.0
2024-04-10 05:00:00+00:00,61091.0,61091.0,60208.0,-1869.0
2024-04-10 06:00:00+00:00,60084.0,60084.0,59689.0,-1491.0
2024-04-10 07:00:00+00:00,59477.0,59477.0,58877.0,-1763.0
2024-04-10 08:00:00+00:00,58661.0,58661.0,58493.0,-1367.0
2024-04-10 09:00:00+00:00,58055.0,58055.0,57937.0,-1377.0
2024-04-10 10:00:00+00:00,57913.0,57913.0,58275.0,-984.0
2024-04-10 11:00:00+00:00,60850.0,60850.0,61637.0,-945.0
2024-04-10 12:00:00+00:00,64891.0,64891.0,65613.0,-1287.0
2024-04-10 13:00:00+00:00,66963.0,66963.0,67990.0,-810.0
2024-04-10 14:00:00+00:00,67242.0,67242.0,68024.0,-765.0
2024-04-10 15:00:00+00:00,67135.0,67135.0,67562.0,-886.0
2024-04-10 16:00:00+00:00,66830.0,66830.0,67233.0,-876.0
2024-04-10 17:00:00+00:00,67112.0,67112.0,67010.0,-1396.0
2024-04-10 18:00:00+00:00,67092.0,67092.0,67226.0,-1059.0
2024-04-10 19:00:00+00:00,67242.0,67242.0,67678.0,-908.0
2024-04-10 20:00:00+00:00,67080.0,67080.0,67400.0,-1000.0
2024-04-10 21:00:00+00:00,67029.0,67029.0,67789.0,-731.0
2024-04-10 22:00:00+00:00,67167.0,67167.0,67499.0,-1346.0
2024-04-10 23:00:00+00:00,67577.0,67577.0,67823.0,-1516.0
2024-04-11 00:00:00+00:00,67563.0,67563.0,67303.0,-2095.0
2024-04-11 01:00:00+00:00,68082.0,68082.0,68237.0,-1590.0
2024-04-11 02:00:00+00:00,68316.0,68316.0,69266.0,-811.0
2024-04-11 03:00:00+00:00,65926.0,65926.0,67088.0,-658.0
2024-04-11 04:00:00+00:00,62510.0,62510.0,64020.0,-100.0
2024-04-11 05:00:00+00:00,59992.0,59992.0,61619.0,-156.0
2024-04-11 06:00:00+00:00,58599.0,58599.0,59102.0,-1511.0
2024-04-11 07:00:00+00:00,57891.0,57891.0,56854.0,-2835.0
2024-04-11 08:00:00+00:00,57110.0,57110.0,55569.0,-3422.0
2024-04-11 09:00:00+00:00,56637.0,56637.0,55187.0,-3216.0
2024-04-11 10:00:00+00:00,57816.0,57816.0,57218.0,-2534.0
2024-04-11 11:00:00+00:00,60278.0,60278.0,60522.0,-1750.0
2024-04-11 12:00:00+00:00,64979.0,64979.0,64504.0,-2790.0
2024-04-11 13:00:00+00:00,67247.0,67247.0,67045.0,-2516.0
2024-04-11 14:00:00+00:00,67715.0,67715.0,68167.0,-1911.0
2024-04-11 15:00:00+00:00,67886.0,67886.0,68178.0,-1927.0
2024-04-11 16:00:00+00:00,67751.0,67751.0,67463.0,-2330.0
2024-04-11 17:00:00+00:00,67327.0,67327.0,67562.0,-1597.0
2024-04-11 18:00:00+00:00,67212.0,67212.0,68551.0,-743.0
2024-04-11 19:00:00+00:00,67338.0,67338.0,69341.0,-123.0
2024-04-11 20:00:00+00:00,66726.0,66726.0,69132.0,143.0
2024-04-11 21:00:00+00:00,66627.0,66627.0,69139.0,361.0
2024-04-11 22:00:00+00:00,66687.0,66687.0,69045.0,79.0
2024-04-11 23:00:00+00:00,66994.0,66994.0,69287.0,39.0
2024-04-12 00:00:00+00:00,67371.0,67371.0,69347.0,-209.0
2024-04-12 01:00:00+00:00,67784.0,67784.0,68961.0,-908.0
2024-04-12 02:00:00+00:00,68285.0,68285.0,69624.0,-622.0
2024-04-12 03:00:00+00:00,65946.0,65946.0,67002.0,-943.0
2024-04-12 04:00:00+00:00,62621.0,62621.0,63912.0,-688.0
2024-04-12 05:00:00+00:00,60136.0,60136.0,62084.0,52.0
2024-04-12 06:00:00+00:00,58272.0,58272.0,59388.0,-962.0
2024-04-12 07:00:00+00:00,57082.0,57082.0,57773.0,-1113.0
2024-04-12 08:00:00+00:00,56519.0,56519.0,57500.0,-783.0
2024-04-12 09:00:00+00:00,56716.0,56716.0,57644.0,-840.0
2024-04-12 10:00:00+00:00,57713.0,57713.0,58670.0,-888.0
2024-04-12 11:00:00+00:00,61294.0,61294.0,62179.0,-1092.0
2024-04-12 12:00:00+00:00,65985.0,65985.0,65830.0,-2200.0
2024-04-12 13:00:00+00:00,68322.0,68322.0,68674.0,-1742.0
2024-04-12 14:00:00+00:00,68148.0,68148.0,69015.0,-1025.0
2024-04-12 15:00:00+00:00,67826.0,67826.0,68786.0,-1026.0
2024-04-12 16:00:00+00:00,67206.0,67206.0,67950.0,-1308.0
2024-04-12 17:00:00+00:00,66597.0,66597.0,67333.0,-1255.0
2024-04-12 18:00:00+00:00,66288.0,66288.0,66687.0,-1556.0
2024-04-12 19:00:00+00:00,65919.0,65919.0,66500.0,-1413.0
2024-04-12 20:00:00+00:00,65433.0,65433.0,64972.0,-2495.0
2024-04-12 21:00:00+00:00,65120.0,65120.0,63886.0,-3169.0
2024-04-12 22:00:00+00:00,65095.0,65095.0,64068.0,-2817.0
2024-04-12 23:00:00+00:00,65383.0,65383.0,64142.0,-2949.0
2024-04-13 00:00:00+00:00,65516.0,65516.0,63840.0,-3210.0
2024-04-13 01:00:00+00:00,65904.0,65904.0,63239.0,-4324.0
2024-04-13 02:00:00+00:00,66234.0,66234.0,62880.0,-4808.0
2024-04-13 03:00:00+00:00,64233.0,64233.0,60978.0,-4612.0
2024-04-13 04:00:00+00:00,61659.0,61659.0,58684.0,-4296.0
2024-04-13 05:00:00+00:00,59443.0,59443.0,57190.0,-3595.0
2024-04-13 06:00:00+00:00,57945.0,57945.0,55342.0,-4173.0
2024-04-13 07:00:00+00:00,57339.0,57339.0,54350.0,-4370.0
2024-04-13 08:00:00+00:00,56675.0,56675.0,53815.0,-4437.0
2024-04-13 09:00:00+00:00,56645.0,56645.0,54272.0,-3992.0
2024-04-13 10:00:00+00:00,56171.0,56171.0,54091.0,-3698.0
2024-04-13 11:00:00+00:00,56901.0,56901.0,55390.0,-3069.0
2024-04-13 12:00:00+00:00,58580.0,58580.0,57858.0,-2324.0
2024-04-13 13:00:00+00:00,59685.0,59685.0,60074.0,-1149.0
2024-04-13 14:00:00+00:00,60076.0,60076.0,60694.0,-1025.0
2024-04-13 15:00:00+00:00,60201.0,60201.0,61122.0,-626.0
2024-04-13 16:00:00+00:00,59978.0,59978.0,61117.0,-440.0
2024-04-13 17:00:00+00:00,59917.0,59917.0,60766.0,-766.0
2024-04-13 18:00:00+00:00,60070.0,60070.0,60515.0,-1208.0
2024-04-13 19:00:00+00:00,60222.0,60222.0,60737.0,-1086.0
2024-04-13 20:00:00+00:00,60647.0,60647.0,61273.0,-851.0
2024-04-13 21:00:00+00:00,61538.0,61538.0,61922.0,-1233.0
2024-04-13 22:00:00+00:00,62918.0,62918.0,63030.0,-1541.0
2024-04-13 23:00:00+00:00,64149.0,64149.0,64150.0,-1726.0
2024-04-14 00:00:00+00:00,64692.0,64692.0,64638.0,-1995.0
2024-04-14 01:00:00+00:00,64686.0,64686.0,64061.0,-2433.0
2024-04-14 02:00:00+00:00,64685.0,64685.0,63882.0,-2773.0
2024-04-14 03:00:00+00:00,62637.0,62637.0,61505.0,-3046.0
2024-04-14 04:00:00+00:00,60324.0,60324.0,59805.0,-2344.0
2024-04-14 05:00:00+00:00,57524.0,57524.0,57283.0,-2014.0
2024-04-14 06:00:00+00:00,55767.0,55767.0,54644.0,-2949.0
2024-04-14 07:00:00+00:00,54856.0,54856.0,52875.0,-3388.0
2024-04-14 08:00:00+00:00,53851.0,53851.0,52740.0,-2559.0
2024-04-14 09:00:00+00:00,53442.0,53442.0,52585.0,-2329.0
2024-04-14 10:00:00+00:00,52880.0,52880.0,51938.0,-2357.0
2024-04-14 11:00:00+00:00,52878.0,52878.0,51508.0,-2596.0
2024-04-14 12:00:00+00:00,53732.0,53732.0,52090.0,-3001.0
2024-04-14 13:00:00+00:00,54899.0,54899.0,53030.0,-3047.0
2024-04-14 14:00:00+00:00,56488.0,56488.0,54423.0,-3187.0
2024-04-14 15:00:00+00:00,57936.0,57936.0,56046.0,-2781.0
2024-04-14 16:00:00+00:00,59022.0,59022.0,57739.0,-2264.0
2024-04-14 17:00:00+00:00,60172.0,60172.0,59455.0,-1672.0
2024-04-14 18:00:00+00:00,61641.0,61641.0,61177.0,-1611.0
2024-04-14 19:00:00+00:00,62845.0,62845.0,62500.0,-1499.0
2024-04-14 20:00:00+00:00,63942.0,63942.0,63441.0,-1600.0
2024-04-14 21:00:00+00:00,65331.0,65331.0,65160.0,-1246.0
2024-04-14 22:00:00+00:00,67014.0,67014.0,67260.0,-1004.0
2024-04-14 23:00:00+00:00,68664.0,68664.0,69422.0,-548.0
2024-04-15 00:00:00+00:00,69449.0,69449.0,69724.0,-1285.0
2024-04-15 01:00:00+00:00,69524.0,69524.0,69492.0,-1480.0
2024-04-15 02:00:00+00:00,69595.0,69595.0,69199.0,-1893.0
2024-04-15 03:00:00+00:00,66960.0,66960.0,65860.0,-2524.0
2024-04-15 04:00:00+00:00,62899.0,62899.0,61729.0,-2334.0
2024-04-15 05:00:00+00:00,59907.0,59907.0,59241.0,-1786.0
2024-04-15 06:00:00+00:00,58187.0,58187.0,57888.0,-1472.0
2024-04-15 07:00:00+00:00,56593.0,56593.0,55920.0,-1802.0
2024-04-15 08:00:00+00:00,55718.0,55718.0,55377.0,-1710.0
2024-04-15 09:00:00+00:00,55843.0,55843.0,55573.0,-1792.0
2024-04-15 10:00:00+00:00,56351.0,56351.0,56043.0,-1821.0
2024-04-15 11:00:00+00:00,59119.0,59119.0,58921.0,-1945.0
2024-04-15 12:00:00+00:00,63262.0,63262.0,63992.0,-1153.0
2024-04-15 13:00:00+00:00,65779.0,65779.0,66590.0,-1277.0
2024-04-15 14:00:00+00:00,66634.0,66634.0,66158.0,-2307.0
2024-04-15 15:00:00+00:00,67824.0,67824.0,67757.0,-1942.0
2024-04-15 16:00:00+00:00,68981.0,68981.0,68835.0,-2007.0
2024-04-15 17:00:00+00:00,70064.0,70064.0,70359.0,-1359.0
2024-04-15 18:00:00+00:00,71471.0,71471.0,71794.0,-1408.0
2024-04-15 19:00:00+00:00,73060.0,73060.0,73183.0,-1434.0
2024-04-15 20:00:00+00:00,73718.0,73718.0,73304.0,-1866.0
2024-04-15 21:00:00+00:00,74090.0,74090.0,74506.0,-1223.0
2024-04-15 22:00:00+00:00,74664.0,74664.0,75938.0,-369.0
2024-04-15 23:00:00+00:00,75093.0,75093.0,76645.0,-280.0
2024-04-16 00:00:00+00:00,74871.0,74871.0,76787.0,36.0
2024-04-16 01:00:00+00:00,74658.0,74658.0,76298.0,-335.0
2024-04-16 02:00:00+00:00,74208.0,74208.0,75963.0,-204.0
2024-04-16 03:00:00+00:00,70983.0,70983.0,72603.0,-286.0
2024-04-16 04:00:00+00:00,67169.0,67169.0,69527.0,509.0
2024-04-16 05:00:00+00:00,64023.0,64023.0,66130.0,246.0
2024-04-16 06:00:00+00:00,61992.0,61992.0,63102.0,-1000.0
2024-04-16 07:00:00+00:00,60553.0,60553.0,60509.0,-2055.0
2024-04-16 08:00:00+00:00,59479.0,59479.0,59220.0,-2122.0
2024-04-16 09:00:00+00:00,58899.0,58899.0,58934.0,-1837.0
2024-04-16 10:00:00+00:00,59586.0,59586.0,59955.0,-1303.0
2024-04-16 11:00:00+00:00,61580.0,61580.0,63238.0,-291.0
2024-04-16 12:00:00+00:00,65505.0,65505.0,66866.0,-880.0
2024-04-16 13:00:00+00:00,67552.0,67552.0,68913.0,-857.0
2024-04-16 14:00:00+00:00,68580.0,68580.0,68863.0,-1852.0
2024-04-16 15:00:00+00:00,69641.0,69641.0,70142.0,-1336.0
2024-04-16 16:00:00+00:00,71089.0,71089.0,71462.0,-1542.0
2024-04-16 17:00:00+00:00,72447.0,72447.0,72353.0,-1956.0
2024-04-16 18:00:00+00:00,73802.0,73802.0,74551.0,-1130.0
2024-04-16 19:00:00+00:00,74754.0,74754.0,75786.0,-930.0
2024-04-16 20:00:00+00:00,74995.0,74995.0,75694.0,-1323.0
2024-04-16 21:00:00+00:00,75007.0,75007.0,75945.0,-1024.0
2024-04-16 22:00:00+00:00,75092.0,75092.0,76121.0,-805.0
2024-04-16 23:00:00+00:00,74953.0,74953.0,76117.0,-752.0
2024-04-17 00:00:00+00:00,74125.0,74125.0,75209.0,-764.0
2024-04-17 01:00:00+00:00,73784.0,73784.0,74382.0,-1265.0
2024-04-17 02:00:00+00:00,73480.0,73480.0,73658.0,-1773.0
2024-04-17 03:00:00+00:00,70568.0,70568.0,69042.0,-3144.0
2024-04-17 04:00:00+00:00,67222.0,67222.0,66067.0,-2527.0
2024-04-17 05:00:00+00:00,64122.0,64122.0,63613.0,-2103.0
2024-04-17 06:00:00+00:00,62185.0,62185.0,60238.0,-3799.0
2024-04-17 07:00:00+00:00,60531.0,60531.0,58421.0,-3653.0
2024-04-17 08:00:00+00:00,59570.0,59570.0,58081.0,-3146.0
2024-04-17 09:00:00+00:00,59202.0,59202.0,58291.0,-2789.0
2024-04-17 10:00:00+00:00,59923.0,59923.0,59036.0,-2637.0
2024-04-17 11:00:00+00:00,61764.0,61764.0,61646.0,-1985.0
2024-04-17 12:00:00+00:00,66033.0,66033.0,65850.0,-2335.0
2024-04-17 13:00:00+00:00,68441.0,68441.0,69129.0,-1459.0
2024-04-17 14:00:00+00:00,69604.0,69604.0,71302.0,-447.0
2024-04-17 15:00:00+00:00,70398.0,70398.0,72287.0,-327.0
2024-04-17 16:00:00+00:00,71364.0,71364.0,73691.0,126.0
2024-04-17 17:00:00+00:00,71904.0,71904.0,74057.0,70.0
2024-04-17 18:00:00+00:00,72260.0,72260.0,74884.0,539.0
2024-04-17 19:00:00+00:00,72921.0,72921.0,76054.0,1030.0
2024-04-17 20:00:00+00:00,72914.0,72914.0,75755.0,830.0
2024-04-17 21:00:00+00:00,72831.0,72831.0,75826.0,981.0
2024-04-17 22:00:00+00:00,72751.0,72751.0,75214.0,454.0
2024-04-17 23:00:00+00:00,72942.0,72942.0,74591.0,-211.0
2024-04-18 00:00:00+00:00,72717.0,72717.0,73701.0,-958.0
2024-04-18 01:00:00+00:00,72423.0,72423.0,72669.0,-1599.0
2024-04-18 02:00:00+00:00,72407.0,72407.0,71993.0,-2060.0
2024-04-18 03:00:00+00:00,69682.0,69682.0,68366.0,-2803.0
2024-04-18 04:00:00+00:00,65629.0,65629.0,63933.0,-2996.0
2024-04-18 05:00:00+00:00,62840.0,62840.0,61851.0,-2150.0
2024-04-18 06:00:00+00:00,61207.0,61207.0,60353.0,-2298.0
2024-04-18 07:00:00+00:00,59690.0,59690.0,58251.0,-2867.0
2024-04-18 08:00:00+00:00,58618.0,58618.0,57385.0,-2754.0
2024-04-18 09:00:00+00:00,58486.0,58486.0,57715.0,-2272.0
2024-04-18 10:00:00+00:00,58883.0,58883.0,58979.0,-1424.0
2024-04-18 11:00:00+00:00,61407.0,61407.0,62021.0,-1031.0
2024-04-18 12:00:00+00:00,65634.0,65634.0,66075.0,-1174.0
2024-04-18 13:00:00+00:00,68113.0,68113.0,68719.0,-1167.0
2024-04-18 14:00:00+00:00,68986.0,68986.0,69075.0,-1595.0
2024-04-18 15:00:00+00:00,69562.0,69562.0,69934.0,-1250.0
2024-04-18 16:00:00+00:00,70233.0,70233.0,71175.0,-763.0
2024-04-18 17:00:00+00:00,70676.0,70676.0,71990.0,-396.0
2024-04-18 18:00:00+00:00,71213.0,71213.0,72557.0,-525.0
2024-04-18 19:00:00+00:00,71899.0,71899.0,73167.0,-648.0
2024-04-18 20:00:00+00:00,72385.0,72385.0,73035.0,-1169.0
2024-04-18 21:00:00+00:00,72817.0,72817.0,73815.0,-916.0
2024-04-18 22:00:00+00:00,73441.0,73441.0,75243.0,-302.0
2024-04-18 23:00:00+00:00,73439.0,73439.0,75328.0,-155.0
2024-04-19 00:00:00+00:00,72764.0,72764.0,75003.0,101.0
2024-04-19 01:00:00+00:00,72727.0,72727.0,74795.0,-28.0
2024-04-19 02:00:00+00:00,72393.0,72393.0,74895.0,510.0
2024-04-19 03:00:00+00:00,69667.0,69667.0,71783.0,133.0
2024-04-19 04:00:00+00:00,66558.0,66558.0,67639.0,-671.0
2024-04-19 05:00:00+00:00,63623.0,63623.0,65032.0,-152.0
2024-04-19 06:00:00+00:00,61295.0,61295.0,61565.0,-1180.0
2024-04-19 07:00:00+00:00,59697.0,59697.0,59064.0,-1817.0
2024-04-19 08:00:00+00:00,59071.0,59071.0,58618.0,-1696.0
2024-04-19 09:00:00+00:00,58292.0,58292.0,57019.0,-2465.0
2024-04-19 10:00:00+00:00,59246.0,59246.0,58567.0,-1852.0
2024-04-19 11:00:00+00:00,61794.0,61794.0,61932.0,-1211.0
2024-04-19 12:00:00+00:00,65705.0,65705.0,66569.0,-803.0
2024-04-19 13:00:00+00:00,67676.0,67676.0,68854.0,-569.0
2024-04-19 14:00:00+00:00,68051.0,68051.0,70026.0,326.0
2024-04-19 15:00:00+00:00,68380.0,68380.0,71053.0,830.0
2024-04-19 16:00:00+00:00,68650.0,68650.0,70632.0,168.0
2024-04-19 17:00:00+00:00,68864.0,68864.0,71027.0,380.0
2024-04-19 18:00:00+00:00,69217.0,69217.0,71278.0,186.0
2024-04-19 19:00:00+00:00,69412.0,69412.0,71634.0,310.0
2024-04-19 20:00:00+00:00,69130.0,69130.0,71172.0,164.0
2024-04-19 21:00:00+00:00,68832.0,68832.0,71111.0,355.0
2024-04-19 22:00:00+00:00,68961.0,68961.0,71101.0,165.0
2024-04-19 23:00:00+00:00,68802.0,68802.0,70817.0,142.0
2024-04-20 00:00:00+00:00,68425.0,68425.0,70422.0,56.0
2024-04-20 01:00:00+00:00,68303.0,68303.0,70060.0,-370.0
2024-04-20 02:00:00+00:00,68757.0,68757.0,70610.0,-216.0
2024-04-20 03:00:00+00:00,66907.0,66907.0,67519.0,-1296.0
2024-04-20 04:00:00+00:00,64519.0,64519.0,64911.0,-1296.0
2024-04-20 05:00:00+00:00,62158.0,62158.0,62481.0,-1463.0
2024-04-20 06:00:00+00:00,60434.0,60434.0,60034.0,-2369.0
2024-04-20 07:00:00+00:00,59452.0,59452.0,58542.0,-2697.0
2024-04-20 08:00:00+00:00,58232.0,58232.0,57550.0,-2437.0
2024-04-20 09:00:00+00:00,57478.0,57478.0,57168.0,-1997.0
2024-04-20 10:00:00+00:00,57898.0,57898.0,57447.0,-2200.0
2024-04-20 11:00:00+00:00,57989.0,57989.0,57956.0,-1885.0
2024-04-20 12:00:00+00:00,59289.0,59289.0,58736.0,-2323.0
2024-04-20 13:00:00+00:00,60918.0,60918.0,61072.0,-1469.0
2024-04-20 14:00:00+00:00,62463.0,62463.0,63094.0,-1186.0
2024-04-20 15:00:00+00:00,63599.0,63599.0,63994.0,-1638.0
2024-04-20 16:00:00+00:00,64186.0,64186.0,64607.0,-1720.0
2024-04-20 17:00:00+00:00,64396.0,64396.0,64297.0,-2063.0
2024-04-20 18:00:00+00:00,64315.0,64315.0,63689.0,-2391.0
2024-04-20 19:00:00+00:00,63757.0,63757.0,62855.0,-2662.0
2024-04-20 20:00:00+00:00,63310.0,63310.0,62246.0,-2618.0
2024-04-20 21:00:00+00:00,63267.0,63267.0,62426.0,-2460.0
2024-04-20 22:00:00+00:00,63473.0,63473.0,63372.0,-1746.0
2024-04-20 23:00:00+00:00,63849.0,63849.0,63767.0,-1673.0
2024-04-21 00:00:00+00:00,63817.0,63817.0,64992.0,-533.0
2024-04-21 01:00:00+00:00,64228.0,64228.0,65365.0,-749.0
2024-04-21 02:00:00+00:00,65174.0,65174.0,65637.0,-1036.0
2024-04-21 03:00:00+00:00,63656.0,63656.0,63226.0,-1771.0
2024-04-21 04:00:00+00:00,61192.0,61192.0,61421.0,-1116.0
2024-04-21 05:00:00+00:00,59006.0,59006.0,59856.0,-656.0
2024-04-21 06:00:00+00:00,57867.0,57867.0,58603.0,-1043.0
2024-04-21 07:00:00+00:00,57126.0,57126.0,57879.0,-1034.0
2024-04-21 08:00:00+00:00,56578.0,56578.0,57187.0,-1136.0
2024-04-21 09:00:00+00:00,56096.0,56096.0,56585.0,-1319.0
2024-04-21 10:00:00+00:00,55270.0,55270.0,55522.0,-1350.0
2024-04-21 11:00:00+00:00,56263.0,56263.0,57000.0,-923.0
2024-04-21 12:00:00+00:00,57559.0,57559.0,57602.0,-1563.0
2024-04-21 13:00:00+00:00,58608.0,58608.0,58525.0,-1430.0
2024-04-21 14:00:00+00:00,59111.0,59111.0,59151.0,-902.0
2024-04-21 15:00:00+00:00,59099.0,59099.0,58699.0,-1348.0
2024-04-21 16:00:00+00:00,58814.0,58814.0,58200.0,-1379.0
2024-04-21 17:00:00+00:00,58567.0,58567.0,58624.0,-733.0
2024-04-21 18:00:00+00:00,58171.0,58171.0,58517.0,-444.0
2024-04-21 19:00:00+00:00,57758.0,57758.0,58254.0,-397.0
2024-04-21 20:00:00+00:00,57535.0,57535.0,57965.0,-530.0
2024-04-21 21:00:00+00:00,57668.0,57668.0,57931.0,-749.0
2024-04-21 22:00:00+00:00,58707.0,58707.0,58933.0,-843.0
2024-04-21 23:00:00+00:00,60124.0,60124.0,59803.0,-1453.0
2024-04-22 00:00:00+00:00,61439.0,61439.0,61477.0,-1255.0
2024-04-22 01:00:00+00:00,62674.0,62674.0,61761.0,-2303.0
2024-04-22 02:00:00+00:00,64192.0,64192.0,61964.0,-3683.0
2024-04-22 03:00:00+00:00,62752.0,62752.0,61011.0,-3185.0
2024-04-22 04:00:00+00:00,60443.0,60443.0,59591.0,-2451.0
2024-04-22 05:00:00+00:00,58653.0,58653.0,58137.0,-2173.0
2024-04-22 06:00:00+00:00,57191.0,57191.0,56800.0,-2208.0
2024-04-22 07:00:00+00:00,56843.0,56843.0,56581.0,-2223.0
2024-04-22 08:00:00+00:00,56804.0,56804.0,57101.0,-1690.0
2024-04-22 09:00:00+00:00,57645.0,57645.0,58258.0,-1488.0
2024-04-22 10:00:00+00:00,58545.0,58545.0,59232.0,-1484.0
2024-04-22 11:00:00+00:00,62417.0,62417.0,63453.0,-1130.0
2024-04-22 12:00:00+00:00,67005.0,67005.0,67626.0,-1613.0
2024-04-22 13:00:00+00:00,68853.0,68853.0,69815.0,-1143.0
2024-04-22 14:00:00+00:00,68072.0,68072.0,67960.0,-1997.0
2024-04-22 15:00:00+00:00,67074.0,67074.0,67044.0,-1865.0
2024-04-22 16:00:00+00:00,66585.0,66585.0,66401.0,-1871.0
2024-04-22 17:00:00+00:00,65763.0,65763.0,66062.0,-1401.0
2024-04-22 18:00:00+00:00,65365.0,65365.0,66177.0,-825.0
2024-04-22 19:00:00+00:00,65404.0,65404.0,66480.0,-550.0
2024-04-22 20:00:00+00:00,65144.0,65144.0,66184.0,-763.0
2024-04-22 21:00:00+00:00,65146.0,65146.0,65548.0,-1356.0
2024-04-22 22:00:00+00:00,65486.0,65486.0,65712.0,-1564.0
2024-04-22 23:00:00+00:00,65885.0,65885.0,66593.0,-1127.0
2024-04-23 00:00:00+00:00,66305.0,66305.0,66814.0,-1428.0
2024-04-23 01:00:00+00:00,66816.0,66816.0,67139.0,-1535.0
2024-04-23 02:00:00+00:00,67512.0,67512.0,67531.0,-1757.0
2024-04-23 03:00:00+00:00,65128.0,65128.0,64888.0,-1916.0
2024-04-23 04:00:00+00:00,61957.0,61957.0,62245.0,-1204.0
2024-04-23 05:00:00+00:00,59537.0,59537.0,60153.0,-990.0
2024-04-23 06:00:00+00:00,58209.0,58209.0,57604.0,-2273.0
2024-04-23 07:00:00+00:00,57617.0,57617.0,56197.0,-2906.0
2024-04-23 08:00:00+00:00,57211.0,57211.0,55779.0,-2815.0
2024-04-23 09:00:00+00:00,57508.0,57508.0,56287.0,-2617.0
2024-04-23 10:00:00+00:00,58531.0,58531.0,58065.0,-2023.0
2024-04-23 11:00:00+00:00,60142.0,60142.0,60089.0,-1666.0
2024-04-23 12:00:00+00:00,64802.0,64802.0,64407.0,-2238.0
2024-04-23 13:00:00+00:00,67030.0,67030.0,65768.0,-3081.0
2024-04-23 14:00:00+00:00,66956.0,66956.0,64965.0,-3583.0
2024-04-23 15:00:00+00:00,66768.0,66768.0,65086.0,-3544.0
2024-04-23 16:00:00+00:00,66988.0,66988.0,65712.0,-3232.0
2024-04-23 17:00:00+00:00,66848.0,66848.0,65547.0,-3420.0
2024-04-23 18:00:00+00:00,66829.0,66829.0,65509.0,-3436.0
2024-04-23 19:00:00+00:00,66831.0,66831.0,66094.0,-2727.0
2024-04-23 20:00:00+00:00,66550.0,66550.0,66222.0,-2335.0
2024-04-23 21:00:00+00:00,66606.0,66606.0,66276.0,-2356.0
2024-04-23 22:00:00+00:00,66844.0,66844.0,66517.0,-2358.0
2024-04-23 23:00:00+00:00,67157.0,67157.0,67798.0,-1299.0
2024-04-24 00:00:00+00:00,67270.0,67270.0,67906.0,-1440.0
2024-04-24 01:00:00+00:00,67497.0,67497.0,67450.0,-2115.0
2024-04-24 02:00:00+00:00,67986.0,67986.0,66111.0,-3685.0
2024-04-24 03:00:00+00:00,65831.0,65831.0,63665.0,-3725.0
2024-04-24 04:00:00+00:00,62403.0,62403.0,60306.0,-3442.0
2024-04-24 05:00:00+00:00,60272.0,60272.0,58468.0,-3134.0
2024-04-24 06:00:00+00:00,58397.0,58397.0,56194.0,-3638.0
2024-04-24 07:00:00+00:00,57645.0,57645.0,55453.0,-3471.0
2024-04-24 08:00:00+00:00,57252.0,57252.0,55407.0,-3014.0
2024-04-24 09:00:00+00:00,57467.0,57467.0,55141.0,-3563.0
2024-04-24 10:00:00+00:00,58573.0,58573.0,56550.0,-3224.0
2024-04-24 11:00:00+00:00,61166.0,61166.0,59192.0,-3295.0
2024-04-24 12:00:00+00:00,65462.0,65462.0,63297.0,-3639.0
2024-04-24 13:00:00+00:00,67337.0,67337.0,65609.0,-3098.0
2024-04-24 14:00:00+00:00,67193.0,67193.0,65433.0,-3235.0
2024-04-24 15:00:00+00:00,67129.0,67129.0,65276.0,-3142.0
2024-04-24 16:00:00+00:00,67173.0,67173.0,65396.0,-2990.0
2024-04-24 17:00:00+00:00,67325.0,67325.0,65455.0,-3077.0
2024-04-24 18:00:00+00:00,67580.0,67580.0,65735.0,-2988.0
2024-04-24 19:00:00+00:00,67904.0,67904.0,65912.0,-3147.0
2024-04-24 20:00:00+00:00,67897.0,67897.0,65939.0,-3006.0
2024-04-24 21:00:00+00:00,68139.0,68139.0,66090.0,-3185.0
2024-04-24 22:00:00+00:00,68258.0,68258.0,66374.0,-2948.0
2024-04-24 23:00:00+00:00,68356.0,68356.0,66695.0,-2793.0
2024-04-25 00:00:00+00:00,68781.0,68781.0,67390.0,-2665.0
2024-04-25 01:00:00+00:00,69252.0,69252.0,68336.0,-2327.0
2024-04-25 02:00:00+00:00,69997.0,69997.0,68928.0,-2552.0
2024-04-25 03:00:00+00:00,67827.0,67827.0,67015.0,-2496.0
2024-04-25 04:00:00+00:00,64946.0,64946.0,64695.0,-2009.0
2024-04-25 05:00:00+00:00,61867.0,61867.0,62315.0,-1398.0
2024-04-25 06:00:00+00:00,59638.0,59638.0,60060.0,-1588.0
2024-04-25 07:00:00+00:00,58972.0,58972.0,59020.0,-1983.0
2024-04-25 08:00:00+00:00,58685.0,58685.0,58562.0,-1993.0
2024-04-25 09:00:00+00:00,58806.0,58806.0,58744.0,-1968.0
2024-04-25 10:00:00+00:00,59347.0,59347.0,58966.0,-2436.0
2024-04-25 11:00:00+00:00,62061.0,62061.0,63110.0,-992.0
2024-04-25 12:00:00+00:00,66156.0,66156.0,67311.0,-997.0
2024-04-25 13:00:00+00:00,67816.0,67816.0,68881.0,-1022.0
2024-04-25 14:00:00+00:00,67474.0,67474.0,68827.0,-660.0
2024-04-25 15:00:00+00:00,67201.0,67201.0,68486.0,-627.0
2024-04-25 16:00:00+00:00,67276.0,67276.0,68651.0,-553.0
2024-04-25 17:00:00+00:00,67542.0,67542.0,68744.0,-789.0
2024-04-25 18:00:00+00:00,67850.0,67850.0,68331.0,-1275.0
2024-04-25 19:00:00+00:00,67675.0,67675.0,68991.0,-483.0
2024-04-25 20:00:00+00:00,67586.0,67586.0,68832.0,-498.0
2024-04-25 21:00:00+00:00,67529.0,67529.0,69195.0,1.0
2024-04-25 22:00:00+00:00,67922.0,67922.0,69663.0,-99.0
2024-04-25 23:00:00+00:00,68142.0,68142.0,69933.0,-43.0
2024-04-26 00:00:00+00:00,68459.0,68459.0,70171.0,-314.0
2024-04-26 01:00:00+00:00,68810.0,68810.0,70738.0,-127.0
2024-04-26 02:00:00+00:00,69555.0,69555.0,71051.0,-668.0
2024-04-26 03:00:00+00:00,67541.0,67541.0,68743.0,-934.0
2024-04-26 04:00:00+00:00,63989.0,63989.0,64788.0,-1321.0
2024-04-26 05:00:00+00:00,61342.0,61342.0,62376.0,-885.0
2024-04-26 06:00:00+00:00,60270.0,60270.0,60714.0,-1672.0
2024-04-26 07:00:00+00:00,59570.0,59570.0,58873.0,-2646.0
2024-04-26 08:00:00+00:00,58800.0,58800.0,58443.0,-2388.0
2024-04-26 09:00:00+00:00,58924.0,58924.0,58339.0,-2628.0
2024-04-26 10:00:00+00:00,59363.0,59363.0,59447.0,-1870.0
2024-04-26 11:00:00+00:00,61490.0,61490.0,61604.0,-1908.0
2024-04-26 12:00:00+00:00,64969.0,64969.0,64733.0,-2456.0
2024-04-26 13:00:00+00:00,67220.0,67220.0,66906.0,-2420.0
2024-04-26 14:00:00+00:00,68078.0,68078.0,67497.0,-2545.0
2024-04-26 15:00:00+00:00,68910.0,68910.0,67958.0,-2972.0
2024-04-26 16:00:00+00:00,69371.0,69371.0,68414.0,-2946.0
2024-04-26 17:00:00+00:00,69954.0,69954.0,69166.0,-2730.0
2024-04-26 18:00:00+00:00,70395.0,70395.0,69327.0,-3121.0
2024-04-26 19:00:00+00:00,70775.0,70775.0,69365.0,-3396.0
2024-04-26 20:00:00+00:00,70706.0,70706.0,68470.0,-4223.0
2024-04-26 21:00:00+00:00,70560.0,70560.0,68568.0,-3872.0
2024-04-26 22:00:00+00:00,70584.0,70584.0,69486.0,-3106.0
2024-04-26 23:00:00+00:00,70213.0,70213.0,69093.0,-3269.0
2024-04-27 00:00:00+00:00,69222.0,69222.0,68156.0,-2967.0
2024-04-27 01:00:00+00:00,68628.0,68628.0,68251.0,-2308.0
2024-04-27 02:00:00+00:00,68553.0,68553.0,67378.0,-3062.0
2024-04-27 03:00:00+00:00,66620.0,66620.0,65275.0,-3006.0
2024-04-27 04:00:00+00:00,63481.0,63481.0,62408.0,-2676.0
2024-04-27 05:00:00+00:00,60525.0,60525.0,60597.0,-1435.0
2024-04-27 06:00:00+00:00,58926.0,58926.0,58474.0,-2144.0
2024-04-27 07:00:00+00:00,57406.0,57406.0,55451.0,-3579.0
2024-04-27 08:00:00+00:00,56539.0,56539.0,54338.0,-3643.0
2024-04-27 09:00:00+00:00,56028.0,56028.0,53434.0,-4094.0
2024-04-27 10:00:00+00:00,56144.0,56144.0,53700.0,-3968.0
2024-04-27 11:00:00+00:00,56418.0,56418.0,54672.0,-3263.0
2024-04-27 12:00:00+00:00,57440.0,57440.0,55643.0,-3386.0
2024-04-27 13:00:00+00:00,59267.0,59267.0,57655.0,-3056.0
2024-04-27 14:00:00+00:00,61865.0,61865.0,60868.0,-2440.0
2024-04-27 15:00:00+00:00,63806.0,63806.0,62786.0,-2392.0
2024-04-27 16:00:00+00:00,64963.0,64963.0,63732.0,-2771.0
2024-04-27 17:00:00+00:00,66138.0,66138.0,64203.0,-3335.0
2024-04-27 18:00:00+00:00,66879.0,66879.0,65276.0,-2999.0
2024-04-27 19:00:00+00:00,67440.0,67440.0,65041.0,-3736.0
2024-04-27 20:00:00+00:00,67821.0,67821.0,65324.0,-3849.0
2024-04-27 21:00:00+00:00,68364.0,68364.0,65709.0,-4056.0
2024-04-27 22:00:00+00:00,69216.0,69216.0,66947.0,-3743.0
2024-04-27 23:00:00+00:00,69502.0,69502.0,67653.0,-3330.0
2024-04-28 00:00:00+00:00,69402.0,69402.0,67395.0,-3541.0
2024-04-28 01:00:00+00:00,68732.0,68732.0,66513.0,-3741.0
2024-04-28 02:00:00+00:00,68663.0,68663.0,65335.0,-4918.0
2024-04-28 03:00:00+00:00,66892.0,66892.0,63407.0,-4957.0
2024-04-28 04:00:00+00:00,63900.0,63900.0,60555.0,-4741.0
2024-04-28 05:00:00+00:00,61570.0,61570.0,59594.0,-3300.0
2024-04-28 06:00:00+00:00,60111.0,60111.0,58292.0,-3277.0
2024-04-28 07:00:00+00:00,58693.0,58693.0,56763.0,-3266.0
2024-04-28 08:00:00+00:00,57323.0,57323.0,55078.0,-3577.0
2024-04-28 09:00:00+00:00,56490.0,56490.0,54964.0,-2950.0
2024-04-28 10:00:00+00:00,56196.0,56196.0,54895.0,-2874.0
2024-04-28 11:00:00+00:00,55549.0,55549.0,53974.0,-3051.0
2024-04-28 12:00:00+00:00,55624.0,55624.0,53958.0,-3042.0
2024-04-28 13:00:00+00:00,57537.0,57537.0,56528.0,-2460.0
2024-04-28 14:00:00+00:00,60290.0,60290.0,59155.0,-2745.0
2024-04-28 15:00:00+00:00,62529.0,62529.0,60628.0,-3455.0
2024-04-28 16:00:00+00:00,64439.0,64439.0,61815.0,-4143.0
2024-04-28 17:00:00+00:00,65851.0,65851.0,62969.0,-4325.0
2024-04-28 18:00:00+00:00,67182.0,67182.0,63926.0,-4718.0
2024-04-28 19:00:00+00:00,67886.0,67886.0,64407.0,-4903.0
2024-04-28 20:00:00+00:00,68527.0,68527.0,66009.0,-4037.0
2024-04-28 21:00:00+00:00,69299.0,69299.0,67855.0,-2854.0
2024-04-28 22:00:00+00:00,70371.0,70371.0,69876.0,-1970.0
2024-04-28 23:00:00+00:00,70918.0,70918.0,70882.0,-1761.0
2024-04-29 00:00:00+00:00,70916.0,70916.0,71747.0,-956.0
2024-04-29 01:00:00+00:00,70603.0,70603.0,70718.0,-1509.0
2024-04-29 02:00:00+00:00,70843.0,70843.0,70061.0,-2295.0
2024-04-29 03:00:00+00:00,68657.0,68657.0,67241.0,-2984.0
2024-04-29 04:00:00+00:00,65345.0,65345.0,63985.0,-2653.0
2024-04-29 05:00:00+00:00,62559.0,62559.0,61581.0,-2348.0
2024-04-29 06:00:00+00:00,60306.0,60306.0,59297.0,-2382.0
2024-04-29 07:00:00+00:00,58929.0,58929.0,57148.0,-3132.0
2024-04-29 08:00:00+00:00,58018.0,58018.0,55822.0,-3371.0
2024-04-29 09:00:00+00:00,57571.0,57571.0,56198.0,-2613.0
2024-04-29 10:00:00+00:00,58265.0,58265.0,57440.0,-2050.0
2024-04-29 11:00:00+00:00,61315.0,61315.0,61039.0,-1751.0
2024-04-29 12:00:00+00:00,65595.0,65595.0,65132.0,-2181.0
2024-04-29 13:00:00+00:00,68539.0,68539.0,67409.0,-2855.0
2024-04-29 14:00:00+00:00,69888.0,69888.0,67861.0,-3884.0
2024-04-29 15:00:00+00:00,70991.0,70991.0,68015.0,-4835.0
2024-04-29 16:00:00+00:00,71524.0,71524.0,69393.0,-3997.0
2024-04-29 17:00:00+00:00,71918.0,71918.0,70736.0,-3317.0
2024-04-29 18:00:00+00:00,71925.0,71925.0,71235.0,-2791.0
2024-04-29 19:00:00+00:00,71972.0,71972.0,72144.0,-1770.0
2024-04-29 20:00:00+00:00,71847.0,71847.0,72243.0,-1516.0
2024-04-29 21:00:00+00:00,71945.0,71945.0,73257.0,-669.0
2024-04-29 22:00:00+00:00,71993.0,71993.0,73840.0,-32.0
2024-04-29 23:00:00+00:00,72210.0,72210.0,74006.0,-24.0
2024-04-30 00:00:00+00:00,71983.0,71983.0,72731.0,-865.0
2024-04-30 01:00:00+00:00,71903.0,71903.0,71443.0,-2044.0
2024-04-30 02:00:00+00:00,71797.0,71797.0,69573.0,-3685.0
2024-04-30 03:00:00+00:00,69175.0,69175.0,65675.0,-4607.0
2024-04-30 04:00:00+00:00,65346.0,65346.0,62655.0,-3686.0
2024-04-30 05:00:00+00:00,62477.0,62477.0,59842.0,-3622.0
2024-04-30 06:00:00+00:00,60563.0,60563.0,57473.0,-4173.0
2024-04-30 07:00:00+00:00,59444.0,59444.0,54427.0,-5945.0
2024-04-30 08:00:00+00:00,58740.0,58740.0,53211.0,-6498.0
2024-04-30 09:00:00+00:00,58364.0,58364.0,53393.0,-5932.0
2024-04-30 10:00:00+00:00,59323.0,59323.0,54314.0,-6174.0
2024-04-30 11:00:00+00:00,61152.0,61152.0,56241.0,-6026.0
2024-04-30 12:00:00+00:00,64769.0,64769.0,61173.0,-4778.0
2024-04-30 13:00:00+00:00,66858.0,66858.0,64109.0,-3907.0
2024-04-30 14:00:00+00:00,67597.0,67597.0,64499.0,-4128.0
2024-04-30 15:00:00+00:00,68197.0,68197.0,65021.0,-4024.0
2024-04-30 16:00:00+00:00,69159.0,69159.0,67240.0,-2849.0
2024-04-30 17:00:00+00:00,70993.0,70993.0,70244.0,-2024.0
2024-04-30 18:00:00+00:00,71807.0,71807.0,70784.0,-2478.0
2024-04-30 19:00:00+00:00,72949.0,72949.0,72436.0,-2098.0
2024-04-30 20:00:00+00:00,74061.0,74061.0,73990.0,-1561.0
2024-04-30 21:00:00+00:00,75445.0,75445.0,75546.0,-1481.0
2024-04-30 22:00:00+00:00,76472.0,76472.0,77130.0,-957.0
2024-04-30 23:00:00+00:00,77267.0,77267.0,77265.0,-1757.0
2024-05-01 00:00:00+00:00,77145.0,77145.0,75214.0,-3710.0
2024-05-01 01:00:00+00:00,75949.0,75949.0,72981.0,-4772.0
2024-05-01 02:00:00+00:00,75039.0,75039.0,71702.0,-5125.0
2024-05-01 03:00:00+00:00,71823.0,71823.0,68583.0,-4929.0
2024-05-01 04:00:00+00:00,66990.0,66990.0,64218.0,-4448.0
2024-05-01 05:00:00+00:00,63134.0,63134.0,61541.0,-3364.0
2024-05-01 06:00:00+00:00,61276.0,61276.0,59113.0,-4029.0
2024-05-01 07:00:00+00:00,59889.0,59889.0,56991.0,-4518.0
2024-05-01 08:00:00+00:00,58463.0,58463.0,55292.0,-4709.0
2024-05-01 09:00:00+00:00,58383.0,58383.0,55268.0,-4431.0
2024-05-01 10:00:00+00:00,59412.0,59412.0,56450.0,-4234.0
2024-05-01 11:00:00+00:00,61260.0,61260.0,59231.0,-3431.0
2024-05-01 12:00:00+00:00,64623.0,64623.0,62556.0,-3745.0
2024-05-01 13:00:00+00:00,67351.0,67351.0,64825.0,-4137.0
2024-05-01 14:00:00+00:00,68605.0,68605.0,65616.0,-4387.0
2024-05-01 15:00:00+00:00,69884.0,69884.0,67020.0,-4268.0
2024-05-01 16:00:00+00:00,71241.0,71241.0,69003.0,-3630.0
2024-05-01 17:00:00+00:00,72693.0,72693.0,70747.0,-3250.0
2024-05-01 18:00:00+00:00,74312.0,74312.0,72472.0,-3154.0
2024-05-01 19:00:00+00:00,75670.0,75670.0,73423.0,-3642.0
2024-05-01 20:00:00+00:00,76719.0,76719.0,74742.0,-3250.0
2024-05-01 21:00:00+00:00,77563.0,77563.0,75231.0,-3555.0
2024-05-01 22:00:00+00:00,78467.0,78467.0,76456.0,-3194.0
2024-05-01 23:00:00+00:00,78770.0,78770.0,75468.0,-4589.0
2024-05-02 00:00:00+00:00,78428.0,78428.0,74709.0,-5141.0
2024-05-02 01:00:00+00:00,77179.0,77179.0,73404.0,-5121.0
2024-05-02 02:00:00+00:00,76636.0,76636.0,72429.0,-5653.0
2024-05-02 03:00:00+00:00,73392.0,73392.0,68974.0,-5645.0
2024-05-02 04:00:00+00:00,69135.0,69135.0,65424.0,-4858.0
2024-05-02 05:00:00+00:00,65747.0,65747.0,62404.0,-4487.0
2024-05-02 06:00:00+00:00,63188.0,63188.0,59354.0,-5250.0
2024-05-02 07:00:00+00:00,61457.0,61457.0,57640.0,-5064.0
2024-05-02 08:00:00+00:00,60259.0,60259.0,56950.0,-4693.0
2024-05-02 09:00:00+00:00,59746.0,59746.0,56538.0,-4585.0
2024-05-02 10:00:00+00:00,59898.0,59898.0,57965.0,-3535.0
2024-05-02 11:00:00+00:00,62217.0,62217.0,60777.0,-2905.0
2024-05-02 12:00:00+00:00,65933.0,65933.0,64401.0,-3196.0
2024-05-02 13:00:00+00:00,68634.0,68634.0,66560.0,-3675.0
2024-05-02 14:00:00+00:00,70147.0,70147.0,67944.0,-3726.0
2024-05-02 15:00:00+00:00,71896.0,71896.0,69343.0,-3922.0
2024-05-02 16:00:00+00:00,73395.0,73395.0,70523.0,-4307.0
2024-05-02 17:00:00+00:00,74858.0,74858.0,71423.0,-4795.0
2024-05-02 18:00:00+00:00,75810.0,75810.0,72148.0,-5226.0
2024-05-02 19:00:00+00:00,76845.0,76845.0,73762.0,-4324.0
2024-05-02 20:00:00+00:00,76941.0,76941.0,75045.0,-3315.0
2024-05-02 21:00:00+00:00,76669.0,76669.0,75740.0,-2228.0
2024-05-02 22:00:00+00:00,76492.0,76492.0,76956.0,-1312.0
2024-05-02 23:00:00+00:00,76422.0,76422.0,77006.0,-1037.0
2024-05-03 00:00:00+00:00,75743.0,75743.0,76574.0,-1017.0
2024-05-03 01:00:00+00:00,74975.0,74975.0,75785.0,-1003.0
2024-05-03 02:00:00+00:00,74928.0,74928.0,73984.0,-2691.0
2024-05-03 03:00:00+00:00,72717.0,72717.0,71057.0,-3196.0
2024-05-03 04:00:00+00:00,69534.0,69534.0,67305.0,-3459.0
2024-05-03 05:00:00+00:00,65892.0,65892.0,64377.0,-2683.0
2024-05-03 06:00:00+00:00,63398.0,63398.0,61073.0,-3624.0
2024-05-03 07:00:00+00:00,62305.0,62305.0,59591.0,-3887.0
2024-05-03 08:00:00+00:00,61176.0,61176.0,57990.0,-4520.0
2024-05-03 09:00:00+00:00,60966.0,60966.0,57943.0,-4275.0
2024-05-03 10:00:00+00:00,61421.0,61421.0,58577.0,-4168.0
2024-05-03 11:00:00+00:00,62777.0,62777.0,61008.0,-3007.0
2024-05-03 12:00:00+00:00,65990.0,65990.0,63736.0,-3891.0
2024-05-03 13:00:00+00:00,68232.0,68232.0,66143.0,-3465.0
2024-05-03 14:00:00+00:00,69226.0,69226.0,67554.0,-2962.0
2024-05-03 15:00:00+00:00,69722.0,69722.0,68451.0,-2562.0
2024-05-03 16:00:00+00:00,70180.0,70180.0,68968.0,-2477.0
2024-05-03 17:00:00+00:00,70169.0,70169.0,69235.0,-2288.0
2024-05-03 18:00:00+00:00,70259.0,70259.0,69304.0,-2180.0
2024-05-03 19:00:00+00:00,70499.0,70499.0,70199.0,-1683.0
2024-05-03 20:00:00+00:00,70454.0,70454.0,70527.0,-1276.0
2024-05-03 21:00:00+00:00,70932.0,70932.0,71459.0,-832.0
2024-05-03 22:00:00+00:00,71626.0,71626.0,72647.0,-530.0
2024-05-03 23:00:00+00:00,71880.0,71880.0,73262.0,-288.0
2024-05-04 00:00:00+00:00,71533.0,71533.0,72188.0,-985.0
2024-05-04 01:00:00+00:00,70647.0,70647.0,69751.0,-2414.0
2024-05-04 02:00:00+00:00,70423.0,70423.0,69005.0,-2862.0
2024-05-04 03:00:00+00:00,68220.0,68220.0,67126.0,-2643.0
2024-05-04 04:00:00+00:00,64771.0,64771.0,64073.0,-1952.0
2024-05-04 05:00:00+00:00,61743.0,61743.0,61371.0,-1737.0
2024-05-04 06:00:00+00:00,59789.0,59789.0,59369.0,-1880.0
2024-05-04 07:00:00+00:00,58299.0,58299.0,57153.0,-2672.0
2024-05-04 08:00:00+00:00,57104.0,57104.0,56194.0,-2357.0
2024-05-04 09:00:00+00:00,56656.0,56656.0,55794.0,-2319.0
2024-05-04 10:00:00+00:00,56421.0,56421.0,55758.0,-2130.0
2024-05-04 11:00:00+00:00,56738.0,56738.0,56452.0,-1578.0
2024-05-04 12:00:00+00:00,56740.0,56740.0,56758.0,-1371.0
2024-05-04 13:00:00+00:00,58831.0,58831.0,59112.0,-1038.0
2024-05-04 14:00:00+00:00,61431.0,61431.0,61925.0,-839.0
2024-05-04 15:00:00+00:00,63816.0,63816.0,64990.0,-86.0
2024-05-04 16:00:00+00:00,65578.0,65578.0,66953.0,60.0
2024-05-04 17:00:00+00:00,67239.0,67239.0,68804.0,-30.0
2024-05-04 18:00:00+00:00,68672.0,68672.0,69446.0,-836.0
2024-05-04 19:00:00+00:00,70068.0,70068.0,70414.0,-1240.0
2024-05-04 20:00:00+00:00,71220.0,71220.0,71822.0,-842.0
2024-05-04 21:00:00+00:00,71882.0,71882.0,72370.0,-1121.0
2024-05-04 22:00:00+00:00,72362.0,72362.0,72657.0,-1031.0
2024-05-04 23:00:00+00:00,72162.0,72162.0,72130.0,-1359.0
2024-05-05 00:00:00+00:00,71325.0,71325.0,70569.0,-2010.0
2024-05-05 01:00:00+00:00,70293.0,70293.0,68907.0,-2617.0
2024-05-05 02:00:00+00:00,69660.0,69660.0,66610.0,-4497.0
2024-05-05 03:00:00+00:00,67914.0,67914.0,64288.0,-4837.0
2024-05-05 04:00:00+00:00,64442.0,64442.0,61224.0,-4342.0
2024-05-05 05:00:00+00:00,61023.0,61023.0,58334.0,-3718.0
2024-05-05 06:00:00+00:00,58363.0,58363.0,55008.0,-4342.0
2024-05-05 07:00:00+00:00,57258.0,57258.0,53480.0,-4734.0
2024-05-05 08:00:00+00:00,56272.0,56272.0,52255.0,-4859.0
2024-05-05 09:00:00+00:00,55605.0,55605.0,51542.0,-4817.0
2024-05-05 10:00:00+00:00,55430.0,55430.0,51615.0,-4517.0
2024-05-05 11:00:00+00:00,55869.0,55869.0,52931.0,-3706.0
2024-05-05 12:00:00+00:00,55879.0,55879.0,53626.0,-3043.0
2024-05-05 13:00:00+00:00,57138.0,57138.0,54863.0,-3081.0
2024-05-05 14:00:00+00:00,58937.0,58937.0,57164.0,-2506.0
2024-05-05 15:00:00+00:00,60679.0,60679.0,59387.0,-2102.0
2024-05-05 16:00:00+00:00,61922.0,61922.0,60461.0,-2174.0
2024-05-05 17:00:00+00:00,62958.0,62958.0,62058.0,-1676.0
2024-05-05 18:00:00+00:00,63943.0,63943.0,62795.0,-1918.0
2024-05-05 19:00:00+00:00,64967.0,64967.0,64653.0,-1045.0
2024-05-05 20:00:00+00:00,65591.0,65591.0,65759.0,-682.0
2024-05-05 21:00:00+00:00,66155.0,66155.0,67291.0,242.0
2024-05-05 22:00:00+00:00,67263.0,67263.0,68738.0,379.0
2024-05-05 23:00:00+00:00,68054.0,68054.0,69838.0,481.0
2024-05-06 00:00:00+00:00,68376.0,68376.0,70524.0,719.0
2024-05-06 01:00:00+00:00,68374.0,68374.0,70207.0,316.0
2024-05-06 02:00:00+00:00,69171.0,69171.0,70516.0,-249.0
2024-05-06 03:00:00+00:00,67222.0,67222.0,68200.0,-494.0
2024-05-06 04:00:00+00:00,63624.0,63624.0,64497.0,-511.0
2024-05-06 05:00:00+00:00,60788.0,60788.0,61582.0,-604.0
2024-05-06 06:00:00+00:00,58932.0,58932.0,58716.0,-1669.0
2024-05-06 07:00:00+00:00,57487.0,57487.0,56810.0,-2107.0
2024-05-06 08:00:00+00:00,56658.0,56658.0,55893.0,-2117.0
2024-05-06 09:00:00+00:00,56632.0,56632.0,55830.0,-2254.0
2024-05-06 10:00:00+00:00,58210.0,58210.0,57597.0,-2040.0
2024-05-06 11:00:00+00:00,60544.0,60544.0,60735.0,-1267.0
2024-05-06 12:00:00+00:00,64151.0,64151.0,64658.0,-1079.0
2024-05-06 13:00:00+00:00,66835.0,66835.0,67725.0,-662.0
2024-05-06 14:00:00+00:00,68348.0,68348.0,69702.0,-62.0
2024-05-06 15:00:00+00:00,69573.0,69573.0,71263.0,-39.0
2024-05-06 16:00:00+00:00,70820.0,70820.0,72476.0,53.0
2024-05-06 17:00:00+00:00,72324.0,72324.0,74074.0,40.0
2024-05-06 18:00:00+00:00,74022.0,74022.0,75290.0,-429.0
2024-05-06 19:00:00+00:00,75213.0,75213.0,76261.0,-601.0
2024-05-06 20:00:00+00:00,75801.0,75801.0,76393.0,-1069.0
2024-05-06 21:00:00+00:00,76432.0,76432.0,77147.0,-810.0
2024-05-06 22:00:00+00:00,77064.0,77064.0,77862.0,-727.0
2024-05-06 23:00:00+00:00,77281.0,77281.0,78769.0,-244.0
2024-05-07 00:00:00+00:00,76999.0,76999.0,78677.0,-154.0
2024-05-07 01:00:00+00:00,76109.0,76109.0,77314.0,-702.0
2024-05-07 02:00:00+00:00,75915.0,75915.0,76792.0,-1065.0
2024-05-07 03:00:00+00:00,73291.0,73291.0,73649.0,-1274.0
2024-05-07 04:00:00+00:00,69621.0,69621.0,69792.0,-1335.0
2024-05-07 05:00:00+00:00,66242.0,66242.0,66466.0,-1139.0
2024-05-07 06:00:00+00:00,63218.0,63218.0,62327.0,-2477.0
2024-05-07 07:00:00+00:00,61617.0,61617.0,59772.0,-3243.0
2024-05-07 08:00:00+00:00,60683.0,60683.0,59428.0,-2743.0
2024-05-07 09:00:00+00:00,60334.0,60334.0,58959.0,-2739.0
2024-05-07 10:00:00+00:00,61795.0,61795.0,60597.0,-2535.0
2024-05-07 11:00:00+00:00,63560.0,63560.0,63370.0,-1756.0
2024-05-07 12:00:00+00:00,67078.0,67078.0,66751.0,-2150.0
2024-05-07 13:00:00+00:00,69814.0,69814.0,68714.0,-2686.0
2024-05-07 14:00:00+00:00,71132.0,71132.0,70766.0,-1893.0
2024-05-07 15:00:00+00:00,72347.0,72347.0,72926.0,-981.0
2024-05-07 16:00:00+00:00,73594.0,73594.0,74499.0,-794.0
2024-05-07 17:00:00+00:00,74992.0,74992.0,76109.0,-670.0
2024-05-07 18:00:00+00:00,76490.0,76490.0,78119.0,-344.0
2024-05-07 19:00:00+00:00,78104.0,78104.0,79381.0,-764.0
2024-05-07 20:00:00+00:00,78664.0,78664.0,78831.0,-1838.0
2024-05-07 21:00:00+00:00,79163.0,79163.0,80001.0,-1102.0
2024-05-07 22:00:00+00:00,79852.0,79852.0,81509.0,-511.0
2024-05-07 23:00:00+00:00,79902.0,79902.0,81186.0,-700.0
2024-05-08 00:00:00+00:00,79256.0,79256.0,80207.0,-1056.0
2024-05-08 01:00:00+00:00,77990.0,77990.0,77997.0,-1806.0
2024-05-08 02:00:00+00:00,76988.0,76988.0,76295.0,-2489.0
2024-05-08 03:00:00+00:00,74137.0,74137.0,72198.0,-3444.0
2024-05-08 04:00:00+00:00,69872.0,69872.0,68542.0,-2457.0
2024-05-08 05:00:00+00:00,66282.0,66282.0,65144.0,-2350.0
2024-05-08 06:00:00+00:00,64076.0,64076.0,61141.0,-4192.0
2024-05-08 07:00:00+00:00,62573.0,62573.0,59252.0,-4348.0
2024-05-08 08:00:00+00:00,61685.0,61685.0,58755.0,-4056.0
2024-05-08 09:00:00+00:00,60838.0,60838.0,57442.0,-4540.0
2024-05-08 10:00:00+00:00,61655.0,61655.0,58412.0,-4348.0
2024-05-08 11:00:00+00:00,64096.0,64096.0,61116.0,-4171.0
2024-05-08 12:00:00+00:00,67521.0,67521.0,64422.0,-4395.0
2024-05-08 13:00:00+00:00,69028.0,69028.0,66741.0,-3388.0
2024-05-08 14:00:00+00:00,70170.0,70170.0,68470.0,-2827.0
2024-05-08 15:00:00+00:00,71755.0,71755.0,70158.0,-2753.0
2024-05-08 16:00:00+00:00,73488.0,73488.0,72416.0,-2267.0
2024-05-08 17:00:00+00:00,75000.0,75000.0,74979.0,-1229.0
2024-05-08 18:00:00+00:00,76285.0,76285.0,77242.0,-528.0
2024-05-08 19:00:00+00:00,77590.0,77590.0,78838.0,-407.0
2024-05-08 20:00:00+00:00,78105.0,78105.0,79276.0,-591.0
2024-05-08 21:00:00+00:00,78424.0,78424.0,80655.0,346.0
2024-05-08 22:00:00+00:00,79060.0,79060.0,81425.0,550.0
2024-05-08 23:00:00+00:00,79167.0,79167.0,81172.0,120.0
2024-05-09 00:00:00+00:00,78531.0,78531.0,79862.0,-544.0
2024-05-09 01:00:00+00:00,77382.0,77382.0,78497.0,-771.0
2024-05-09 02:00:00+00:00,76913.0,76913.0,76903.0,-2025.0
2024-05-09 03:00:00+00:00,74186.0,74186.0,73574.0,-2371.0
2024-05-09 04:00:00+00:00,69876.0,69876.0,68951.0,-2497.0
2024-05-09 05:00:00+00:00,66259.0,66259.0,65554.0,-2075.0
2024-05-09 06:00:00+00:00,64544.0,64544.0,63172.0,-2804.0
2024-05-09 07:00:00+00:00,62900.0,62900.0,61849.0,-2417.0
2024-05-09 08:00:00+00:00,61793.0,61793.0,60490.0,-2724.0
2024-05-09 09:00:00+00:00,61344.0,61344.0,60113.0,-2650.0
2024-05-09 10:00:00+00:00,62335.0,62335.0,61211.0,-2561.0
2024-05-09 11:00:00+00:00,64102.0,64102.0,63254.0,-2296.0
2024-05-09 12:00:00+00:00,67076.0,67076.0,66632.0,-1949.0
2024-05-09 13:00:00+00:00,69474.0,69474.0,69028.0,-1976.0
2024-05-09 14:00:00+00:00,70822.0,70822.0,69992.0,-2228.0
2024-05-09 15:00:00+00:00,72269.0,72269.0,71232.0,-2507.0
2024-05-09 16:00:00+00:00,73826.0,73826.0,72487.0,-2793.0
2024-05-09 17:00:00+00:00,75050.0,75050.0,74028.0,-2548.0
2024-05-09 18:00:00+00:00,76151.0,76151.0,76024.0,-1758.0
2024-05-09 19:00:00+00:00,76971.0,76971.0,77450.0,-1304.0
2024-05-09 20:00:00+00:00,77033.0,77033.0,77537.0,-1302.0
2024-05-09 21:00:00+00:00,77018.0,77018.0,77916.0,-1054.0
2024-05-09 22:00:00+00:00,76868.0,76868.0,77898.0,-941.0
2024-05-09 23:00:00+00:00,76686.0,76686.0,77163.0,-1458.0
2024-05-10 00:00:00+00:00,75775.0,75775.0,75356.0,-2259.0
2024-05-10 01:00:00+00:00,74933.0,74933.0,74186.0,-2537.0
2024-05-10 02:00:00+00:00,74728.0,74728.0,73122.0,-3134.0
2024-05-10 03:00:00+00:00,72262.0,72262.0,69968.0,-3679.0
2024-05-10 04:00:00+00:00,68165.0,68165.0,64764.0,-4487.0
2024-05-10 05:00:00+00:00,64598.0,64598.0,61849.0,-3690.0
2024-05-10 06:00:00+00:00,62495.0,62495.0,58830.0,-4805.0
2024-05-10 07:00:00+00:00,60936.0,60936.0,56497.0,-5425.0
2024-05-10 08:00:00+00:00,59756.0,59756.0,55485.0,-5267.0
2024-05-10 09:00:00+00:00,59311.0,59311.0,55222.0,-5082.0
2024-05-10 10:00:00+00:00,59475.0,59475.0,56132.0,-4318.0
2024-05-10 11:00:00+00:00,61349.0,61349.0,59161.0,-3319.0
2024-05-10 12:00:00+00:00,64262.0,64262.0,61064.0,-4335.0
2024-05-10 13:00:00+00:00,66383.0,66383.0,64409.0,-3137.0
2024-05-10 14:00:00+00:00,67275.0,67275.0,65580.0,-2685.0
2024-05-10 15:00:00+00:00,68282.0,68282.0,66854.0,-2468.0
2024-05-10 16:00:00+00:00,69390.0,69390.0,68052.0,-2424.0
2024-05-10 17:00:00+00:00,70426.0,70426.0,69482.0,-2145.0
2024-05-10 18:00:00+00:00,71154.0,71154.0,71033.0,-1622.0
2024-05-10 19:00:00+00:00,72005.0,72005.0,72127.0,-1492.0
2024-05-10 20:00:00+00:00,72559.0,72559.0,72483.0,-1756.0
2024-05-10 21:00:00+00:00,72456.0,72456.0,72214.0,-1903.0
2024-05-10 22:00:00+00:00,72760.0,72760.0,72980.0,-1465.0
2024-05-10 23:00:00+00:00,72408.0,72408.0,72831.0,-1286.0
2024-05-11 00:00:00+00:00,71687.0,71687.0,72065.0,-1613.0
2024-05-11 01:00:00+00:00,70488.0,70488.0,70604.0,-1784.0
2024-05-11 02:00:00+00:00,69898.0,69898.0,69290.0,-2342.0
2024-05-11 03:00:00+00:00,67896.0,67896.0,66769.0,-2578.0
2024-05-11 04:00:00+00:00,64447.0,64447.0,63189.0,-2480.0
2024-05-11 05:00:00+00:00,60898.0,60898.0,60082.0,-2059.0
2024-05-11 06:00:00+00:00,58379.0,58379.0,56194.0,-3580.0
2024-05-11 07:00:00+00:00,57314.0,57314.0,54104.0,-4301.0
2024-05-11 08:00:00+00:00,56795.0,56795.0,53158.0,-4746.0
2024-05-11 09:00:00+00:00,56274.0,56274.0,52287.0,-5029.0
2024-05-11 10:00:00+00:00,56427.0,56427.0,53073.0,-4411.0
2024-05-11 11:00:00+00:00,56833.0,56833.0,53328.0,-4671.0
2024-05-11 12:00:00+00:00,55465.0,55465.0,52087.0,-4491.0
2024-05-11 13:00:00+00:00,56970.0,56970.0,53667.0,-4423.0
2024-05-11 14:00:00+00:00,58899.0,58899.0,55850.0,-4094.0
2024-05-11 15:00:00+00:00,60415.0,60415.0,57197.0,-4342.0
2024-05-11 16:00:00+00:00,61371.0,61371.0,58422.0,-4088.0
2024-05-11 17:00:00+00:00,62287.0,62287.0,59031.0,-4620.0
2024-05-11 18:00:00+00:00,62924.0,62924.0,59530.0,-4960.0
2024-05-11 19:00:00+00:00,63761.0,63761.0,60484.0,-4821.0
2024-05-11 20:00:00+00:00,65115.0,65115.0,61555.0,-5112.0
2024-05-11 21:00:00+00:00,66184.0,66184.0,62731.0,-4827.0
2024-05-11 22:00:00+00:00,67128.0,67128.0,64002.0,-4498.0
2024-05-11 23:00:00+00:00,67831.0,67831.0,64143.0,-5066.0
2024-05-12 00:00:00+00:00,67878.0,67878.0,63693.0,-5515.0
2024-05-12 01:00:00+00:00,67351.0,67351.0,62727.0,-5727.0
2024-05-12 02:00:00+00:00,66960.0,66960.0,63005.0,-4964.0
2024-05-12 03:00:00+00:00,65312.0,65312.0,60750.0,-5501.0
2024-05-12 04:00:00+00:00,62200.0,62200.0,58102.0,-4913.0
2024-05-12 05:00:00+00:00,59205.0,59205.0,56515.0,-3473.0
2024-05-12 06:00:00+00:00,57341.0,57341.0,55023.0,-3284.0
2024-05-12 07:00:00+00:00,56785.0,56785.0,55211.0,-2874.0
2024-05-12 08:00:00+00:00,55758.0,55758.0,54032.0,-3320.0
2024-05-12 09:00:00+00:00,55407.0,55407.0,54084.0,-2544.0
2024-05-12 10:00:00+00:00,55304.0,55304.0,54924.0,-1704.0
2024-05-12 11:00:00+00:00,55151.0,55151.0,55352.0,-1069.0
2024-05-12 12:00:00+00:00,55019.0,55019.0,55447.0,-983.0
2024-05-12 13:00:00+00:00,55521.0,55521.0,54719.0,-2053.0
2024-05-12 14:00:00+00:00,57696.0,57696.0,55693.0,-3044.0
2024-05-12 15:00:00+00:00,59471.0,59471.0,56537.0,-3704.0
2024-05-12 16:00:00+00:00,60820.0,60820.0,58058.0,-3635.0
2024-05-12 17:00:00+00:00,61984.0,61984.0,59266.0,-3583.0
2024-05-12 18:00:00+00:00,63269.0,63269.0,60802.0,-3391.0
2024-05-12 19:00:00+00:00,64554.0,64554.0,61858.0,-3664.0
2024-05-12 20:00:00+00:00,65735.0,65735.0,62302.0,-4486.0
2024-05-12 21:00:00+00:00,66972.0,66972.0,63998.0,-3964.0
2024-05-12 22:00:00+00:00,67985.0,67985.0,65560.0,-3380.0
2024-05-12 23:00:00+00:00,69192.0,69192.0,67425.0,-2986.0
2024-05-13 00:00:00+00:00,69910.0,69910.0,68513.0,-2602.0
2024-05-13 01:00:00+00:00,69648.0,69648.0,69043.0,-1771.0
2024-05-13 02:00:00+00:00,70077.0,70077.0,69153.0,-2185.0
2024-05-13 03:00:00+00:00,68404.0,68404.0,67466.0,-2306.0
2024-05-13 04:00:00+00:00,64870.0,64870.0,62981.0,-3161.0
2024-05-13 05:00:00+00:00,61962.0,61962.0,60354.0,-2954.0
2024-05-13 06:00:00+00:00,60175.0,60175.0,56892.0,-4842.0
2024-05-13 07:00:00+00:00,58935.0,58935.0,54668.0,-5446.0
2024-05-13 08:00:00+00:00,58441.0,58441.0,54163.0,-5431.0
2024-05-13 09:00:00+00:00,58030.0,58030.0,53539.0,-5679.0
2024-05-13 10:00:00+00:00,57807.0,57807.0,54125.0,-4776.0
2024-05-13 11:00:00+00:00,60420.0,60420.0,57778.0,-3641.0
2024-05-13 12:00:00+00:00,64608.0,64608.0,62068.0,-3694.0
2024-05-13 13:00:00+00:00,67694.0,67694.0,65181.0,-3666.0
2024-05-13 14:00:00+00:00,69453.0,69453.0,66619.0,-3910.0
2024-05-13 15:00:00+00:00,70756.0,70756.0,67134.0,-4813.0
2024-05-13 16:00:00+00:00,72368.0,72368.0,68228.0,-5220.0
2024-05-13 17:00:00+00:00,73941.0,73941.0,69824.0,-5242.0
2024-05-13 18:00:00+00:00,74832.0,74832.0,71599.0,-4445.0
2024-05-13 19:00:00+00:00,75882.0,75882.0,73373.0,-3878.0
2024-05-13 20:00:00+00:00,75945.0,75945.0,73980.0,-3416.0
2024-05-13 21:00:00+00:00,75907.0,75907.0,73838.0,-3670.0
2024-05-13 22:00:00+00:00,75931.0,75931.0,73256.0,-4272.0
2024-05-13 23:00:00+00:00,75294.0,75294.0,72005.0,-4891.0
2024-05-14 00:00:00+00:00,74780.0,74780.0,71967.0,-4351.0
2024-05-14 01:00:00+00:00,74130.0,74130.0,71122.0,-4575.0
2024-05-14 02:00:00+00:00,73508.0,73508.0,69557.0,-5453.0
2024-05-14 03:00:00+00:00,70963.0,70963.0,67416.0,-4834.0
2024-05-14 04:00:00+00:00,67275.0,67275.0,64671.0,-3750.0
2024-05-14 05:00:00+00:00,63795.0,63795.0,62054.0,-3006.0
2024-05-14 06:00:00+00:00,61154.0,61154.0,60098.0,-2183.0
2024-05-14 07:00:00+00:00,59557.0,59557.0,57113.0,-3614.0
2024-05-14 08:00:00+00:00,59005.0,59005.0,57136.0,-2985.0
2024-05-14 09:00:00+00:00,58706.0,58706.0,56915.0,-3010.0
2024-05-14 10:00:00+00:00,59056.0,59056.0,57364.0,-2957.0
2024-05-14 11:00:00+00:00,61506.0,61506.0,60333.0,-2391.0
2024-05-14 12:00:00+00:00,64828.0,64828.0,63707.0,-2384.0
2024-05-14 13:00:00+00:00,67298.0,67298.0,66140.0,-2508.0
2024-05-14 14:00:00+00:00,68528.0,68528.0,67478.0,-2223.0
2024-05-14 15:00:00+00:00,69730.0,69730.0,69302.0,-1609.0
2024-05-14 16:00:00+00:00,70709.0,70709.0,70683.0,-1263.0
2024-05-14 17:00:00+00:00,71751.0,71751.0,72344.0,-665.0
2024-05-14 18:00:00+00:00,72731.0,72731.0,73487.0,-677.0
2024-05-14 19:00:00+00:00,73690.0,73690.0,74341.0,-717.0
2024-05-14 20:00:00+00:00,74185.0,74185.0,75142.0,-289.0
2024-05-14 21:00:00+00:00,74677.0,74677.0,75411.0,-679.0
2024-05-14 22:00:00+00:00,75359.0,75359.0,75658.0,-1006.0
2024-05-14 23:00:00+00:00,75480.0,75480.0,76009.0,-923.0
2024-05-15 00:00:00+00:00,75159.0,75159.0,74977.0,-1696.0
2024-05-15 01:00:00+00:00,74371.0,74371.0,73973.0,-1796.0
2024-05-15 02:00:00+00:00,73786.0,73786.0,72950.0,-2276.0
2024-05-15 03:00:00+00:00,71299.0,71299.0,70151.0,-2618.0
2024-05-15 04:00:00+00:00,67633.0,67633.0,66968.0,-1926.0
2024-05-15 05:00:00+00:00,64403.0,64403.0,63646.0,-2021.0
2024-05-15 06:00:00+00:00,62156.0,62156.0,62102.0,-1375.0
2024-05-15 07:00:00+00:00,60425.0,60425.0,59487.0,-2353.0
2024-05-15 08:00:00+00:00,59336.0,59336.0,58086.0,-2532.0
2024-05-15 09:00:00+00:00,58811.0,58811.0,57191.0,-2864.0
2024-05-15 10:00:00+00:00,59245.0,59245.0,57964.0,-2527.0
2024-05-15 11:00:00+00:00,60290.0,60290.0,59602.0,-1966.0
2024-05-15 12:00:00+00:00,63684.0,63684.0,62545.0,-2584.0
2024-05-15 13:00:00+00:00,66256.0,66256.0,65567.0,-2045.0
2024-05-15 14:00:00+00:00,67509.0,67509.0,66197.0,-2683.0
2024-05-15 15:00:00+00:00,68752.0,68752.0,68024.0,-1975.0
2024-05-15 16:00:00+00:00,70123.0,70123.0,69506.0,-1956.0
2024-05-15 17:00:00+00:00,71602.0,71602.0,71302.0,-1736.0
2024-05-15 18:00:00+00:00,73158.0,73158.0,73297.0,-1389.0
2024-05-15 19:00:00+00:00,74831.0,74831.0,75619.0,-763.0
2024-05-15 20:00:00+00:00,76182.0,76182.0,77372.0,-365.0
2024-05-15 21:00:00+00:00,77138.0,77138.0,78375.0,-393.0
2024-05-15 22:00:00+00:00,78163.0,78163.0,78669.0,-1051.0
2024-05-15 23:00:00+00:00,78771.0,78771.0,78814.0,-1507.0
2024-05-16 00:00:00+00:00,78173.0,78173.0,77838.0,-1842.0
2024-05-16 01:00:00+00:00,76597.0,76597.0,76083.0,-2076.0
2024-05-16 02:00:00+00:00,75868.0,75868.0,75029.0,-2318.0
2024-05-16 03:00:00+00:00,73145.0,73145.0,72120.0,-2362.0
2024-05-16 04:00:00+00:00,68477.0,68477.0,67691.0,-2009.0
2024-05-16 05:00:00+00:00,65179.0,65179.0,65006.0,-1440.0
2024-05-16 06:00:00+00:00,62869.0,62869.0,61707.0,-2424.0
2024-05-16 07:00:00+00:00,61584.0,61584.0,60586.0,-2150.0
2024-05-16 08:00:00+00:00,60439.0,60439.0,59760.0,-1786.0
2024-05-16 09:00:00+00:00,59809.0,59809.0,58454.0,-2647.0
2024-05-16 10:00:00+00:00,60224.0,60224.0,59296.0,-2000.0
2024-05-16 11:00:00+00:00,62280.0,62280.0,61160.0,-2499.0
2024-05-16 12:00:00+00:00,64878.0,64878.0,63205.0,-2973.0
2024-05-16 13:00:00+00:00,67603.0,67603.0,66141.0,-2607.0
2024-05-16 14:00:00+00:00,69565.0,69565.0,68348.0,-2469.0
2024-05-16 15:00:00+00:00,71607.0,71607.0,70971.0,-1970.0
2024-05-16 16:00:00+00:00,73496.0,73496.0,73525.0,-1445.0
2024-05-16 17:00:00+00:00,74964.0,74964.0,75070.0,-1478.0
2024-05-16 18:00:00+00:00,76687.0,76687.0,77222.0,-980.0
2024-05-16 19:00:00+00:00,77904.0,77904.0,78353.0,-1199.0
2024-05-16 20:00:00+00:00,78304.0,78304.0,78097.0,-1809.0
2024-05-16 21:00:00+00:00,78518.0,78518.0,78581.0,-1430.0
2024-05-16 22:00:00+00:00,78346.0,78346.0,78677.0,-1117.0
2024-05-16 23:00:00+00:00,77672.0,77672.0,77684.0,-1531.0
2024-05-17 00:00:00+00:00,76502.0,76502.0,77164.0,-866.0
2024-05-17 01:00:00+00:00,75580.0,75580.0,76676.0,-596.0
2024-05-17 02:00:00+00:00,75121.0,75121.0,75633.0,-1159.0
2024-05-17 03:00:00+00:00,72761.0,72761.0,72715.0,-1617.0
2024-05-17 04:00:00+00:00,68717.0,68717.0,68628.0,-1357.0
2024-05-17 05:00:00+00:00,65592.0,65592.0,66148.0,-813.0
2024-05-17 06:00:00+00:00,63176.0,63176.0,64266.0,-466.0
2024-05-17 07:00:00+00:00,61782.0,61782.0,62427.0,-1063.0
2024-05-17 08:00:00+00:00,60519.0,60519.0,60968.0,-1232.0
2024-05-17 09:00:00+00:00,60205.0,60205.0,60497.0,-1297.0
2024-05-17 10:00:00+00:00,60326.0,60326.0,61364.0,-581.0
2024-05-17 11:00:00+00:00,61539.0,61539.0,62506.0,-736.0
2024-05-17 12:00:00+00:00,64493.0,64493.0,65452.0,-844.0
2024-05-17 13:00:00+00:00,67490.0,67490.0,68166.0,-1031.0
2024-05-17 14:00:00+00:00,69201.0,69201.0,70366.0,-336.0
2024-05-17 15:00:00+00:00,70898.0,70898.0,71787.0,-675.0
2024-05-17 16:00:00+00:00,72391.0,72391.0,73503.0,-547.0
2024-05-17 17:00:00+00:00,73653.0,73653.0,75261.0,-216.0
2024-05-17 18:00:00+00:00,75049.0,75049.0,76863.0,-102.0
2024-05-17 19:00:00+00:00,76419.0,76419.0,78325.0,-34.0
2024-05-17 20:00:00+00:00,77216.0,77216.0,79220.0,41.0
2024-05-17 21:00:00+00:00,78030.0,78030.0,79836.0,-264.0
2024-05-17 22:00:00+00:00,78999.0,78999.0,81212.0,175.0
2024-05-17 23:00:00+00:00,78875.0,78875.0,80961.0,58.0
2024-05-18 00:00:00+00:00,78054.0,78054.0,79691.0,-484.0
2024-05-18 01:00:00+00:00,76538.0,76538.0,77324.0,-1220.0
2024-05-18 02:00:00+00:00,75221.0,75221.0,75870.0,-1535.0
2024-05-18 03:00:00+00:00,72991.0,72991.0,73834.0,-1132.0
2024-05-18 04:00:00+00:00,69025.0,69025.0,70728.0,-290.0
2024-05-18 05:00:00+00:00,65240.0,65240.0,66370.0,-756.0
2024-05-18 06:00:00+00:00,62921.0,62921.0,63847.0,-820.0
2024-05-18 07:00:00+00:00,61342.0,61342.0,61812.0,-1392.0
2024-05-18 08:00:00+00:00,59830.0,59830.0,60276.0,-1333.0
2024-05-18 09:00:00+00:00,59035.0,59035.0,59072.0,-1856.0
2024-05-18 10:00:00+00:00,58785.0,58785.0,58510.0,-2089.0
2024-05-18 11:00:00+00:00,58845.0,58845.0,58568.0,-2021.0
2024-05-18 12:00:00+00:00,59029.0,59029.0,59075.0,-1592.0
2024-05-18 13:00:00+00:00,60310.0,60310.0,60622.0,-1320.0
2024-05-18 14:00:00+00:00,62866.0,62866.0,64189.0,-338.0
2024-05-18 15:00:00+00:00,65868.0,65868.0,67948.0,400.0
2024-05-18 16:00:00+00:00,68599.0,68599.0,71658.0,1270.0
2024-05-18 17:00:00+00:00,71508.0,71508.0,74626.0,1181.0
2024-05-18 18:00:00+00:00,74093.0,74093.0,76996.0,709.0
2024-05-18 19:00:00+00:00,76356.0,76356.0,79449.0,688.0
2024-05-18 20:00:00+00:00,78540.0,78540.0,81416.0,385.0
2024-05-18 21:00:00+00:00,80606.0,80606.0,82687.0,-420.0
2024-05-18 22:00:00+00:00,82313.0,82313.0,84752.0,-113.0
2024-05-18 23:00:00+00:00,83033.0,83033.0,85489.0,-76.0
2024-05-19 00:00:00+00:00,82419.0,82419.0,84466.0,-626.0
2024-05-19 01:00:00+00:00,80334.0,80334.0,82073.0,-726.0
2024-05-19 02:00:00+00:00,78012.0,78012.0,79532.0,-714.0
2024-05-19 03:00:00+00:00,75350.0,75350.0,76138.0,-1210.0
2024-05-19 04:00:00+00:00,70851.0,70851.0,72125.0,-552.0
2024-05-19 05:00:00+00:00,66404.0,66404.0,66915.0,-1246.0
2024-05-19 06:00:00+00:00,62725.0,62725.0,62758.0,-1615.0
2024-05-19 07:00:00+00:00,60099.0,60099.0,59719.0,-1859.0
2024-05-19 08:00:00+00:00,58556.0,58556.0,57666.0,-2291.0
2024-05-19 09:00:00+00:00,57276.0,57276.0,56138.0,-2422.0
2024-05-19 10:00:00+00:00,56707.0,56707.0,55148.0,-2841.0
2024-05-19 11:00:00+00:00,56367.0,56367.0,54922.0,-2582.0
2024-05-19 12:00:00+00:00,56246.0,56246.0,55475.0,-1822.0
2024-05-19 13:00:00+00:00,58687.0,58687.0,58037.0,-1770.0
2024-05-19 14:00:00+00:00,62566.0,62566.0,62674.0,-1026.0
2024-05-19 15:00:00+00:00,66731.0,66731.0,66821.0,-1355.0
2024-05-19 16:00:00+00:00,70891.0,70891.0,71211.0,-1290.0
2024-05-19 17:00:00+00:00,74526.0,74526.0,74502.0,-2021.0
2024-05-19 18:00:00+00:00,77674.0,77674.0,77632.0,-2077.0
2024-05-19 19:00:00+00:00,80358.0,80358.0,80688.0,-1833.0
2024-05-19 20:00:00+00:00,82570.0,82570.0,83230.0,-1587.0
2024-05-19 21:00:00+00:00,84406.0,84406.0,84376.0,-2359.0
2024-05-19 22:00:00+00:00,85771.0,85771.0,86213.0,-1979.0
2024-05-19 23:00:00+00:00,86285.0,86285.0,87116.0,-1641.0
2024-05-20 00:00:00+00:00,85554.0,85554.0,86226.0,-1864.0
2024-05-20 01:00:00+00:00,83098.0,83098.0,83066.0,-2303.0
2024-05-20 02:00:00+00:00,81118.0,81118.0,82148.0,-1304.0
2024-05-20 03:00:00+00:00,77883.0,77883.0,78468.0,-1459.0
2024-05-20 04:00:00+00:00,72782.0,72782.0,73392.0,-1250.0
2024-05-20 05:00:00+00:00,68013.0,68013.0,68455.0,-1268.0
2024-05-20 06:00:00+00:00,64427.0,64427.0,64872.0,-1190.0
2024-05-20 07:00:00+00:00,61973.0,61973.0,61575.0,-1871.0
2024-05-20 08:00:00+00:00,60347.0,60347.0,59132.0,-2480.0
2024-05-20 09:00:00+00:00,59862.0,59862.0,58093.0,-2910.0
2024-05-20 10:00:00+00:00,60672.0,60672.0,59084.0,-2740.0
2024-05-20 11:00:00+00:00,63631.0,63631.0,62434.0,-2415.0
2024-05-20 12:00:00+00:00,67217.0,67217.0,65417.0,-3115.0
2024-05-20 13:00:00+00:00,70689.0,70689.0,68966.0,-3161.0
2024-05-20 14:00:00+00:00,73924.0,73924.0,71217.0,-4083.0
2024-05-20 15:00:00+00:00,77105.0,77105.0,74788.0,-3877.0
2024-05-20 16:00:00+00:00,80386.0,80386.0,78112.0,-4093.0
2024-05-20 17:00:00+00:00,83479.0,83479.0,81087.0,-4305.0
2024-05-20 18:00:00+00:00,86250.0,86250.0,85061.0,-3071.0
2024-05-20 19:00:00+00:00,88257.0,88257.0,87324.0,-3097.0
2024-05-20 20:00:00+00:00,89489.0,89489.0,88789.0,-2941.0
2024-05-20 21:00:00+00:00,90398.0,90398.0,89749.0,-2974.0
2024-05-20 22:00:00+00:00,91290.0,91290.0,90057.0,-3479.0
2024-05-20 23:00:00+00:00,91450.0,91450.0,89905.0,-3898.0
2024-05-21 00:00:00+00:00,90350.0,90350.0,88281.0,-4175.0
2024-05-21 01:00:00+00:00,88019.0,88019.0,86825.0,-3298.0
2024-05-21 02:00:00+00:00,85895.0,85895.0,85238.0,-2685.0
2024-05-21 03:00:00+00:00,82446.0,82446.0,82442.0,-2098.0
2024-05-21 04:00:00+00:00,76908.0,76908.0,77201.0,-1593.0
2024-05-21 05:00:00+00:00,71678.0,71678.0,71652.0,-1916.0
2024-05-21 06:00:00+00:00,67930.0,67930.0,67542.0,-2118.0
2024-05-21 07:00:00+00:00,65100.0,65100.0,64340.0,-2572.0
2024-05-21 08:00:00+00:00,63253.0,63253.0,61714.0,-3204.0
2024-05-21 09:00:00+00:00,62148.0,62148.0,60780.0,-2992.0
2024-05-21 10:00:00+00:00,62937.0,62937.0,62003.0,-2724.0
2024-05-21 11:00:00+00:00,65628.0,65628.0,64768.0,-2868.0
2024-05-21 12:00:00+00:00,68999.0,68999.0,67275.0,-3890.0
2024-05-21 13:00:00+00:00,72715.0,72715.0,70568.0,-4030.0
2024-05-21 14:00:00+00:00,75651.0,75651.0,74381.0,-3303.0
2024-05-21 15:00:00+00:00,78666.0,78666.0,77844.0,-3116.0
2024-05-21 16:00:00+00:00,81886.0,81886.0,81096.0,-3124.0
2024-05-21 17:00:00+00:00,84745.0,84745.0,83857.0,-3396.0
2024-05-21 18:00:00+00:00,87554.0,87554.0,87418.0,-2838.0
2024-05-21 19:00:00+00:00,90101.0,90101.0,90524.0,-2172.0
2024-05-21 20:00:00+00:00,91600.0,91600.0,92020.0,-2302.0
2024-05-21 21:00:00+00:00,92686.0,92686.0,92601.0,-2748.0
2024-05-21 22:00:00+00:00,93506.0,93506.0,94086.0,-2191.0
2024-05-21 23:00:00+00:00,93248.0,93248.0,93464.0,-2582.0
2024-05-22 00:00:00+00:00,91570.0,91570.0,91295.0,-3135.0
2024-05-22 01:00:00+00:00,88830.0,88830.0,88644.0,-2787.0
2024-05-22 02:00:00+00:00,86556.0,86556.0,86602.0,-2631.0
2024-05-22 03:00:00+00:00,82901.0,82901.0,83486.0,-1990.0
2024-05-22 04:00:00+00:00,77741.0,77741.0,78879.0,-1226.0
2024-05-22 05:00:00+00:00,73036.0,73036.0,75047.0,-346.0
2024-05-22 06:00:00+00:00,69238.0,69238.0,69816.0,-1842.0
2024-05-22 07:00:00+00:00,66400.0,66400.0,66625.0,-1865.0
2024-05-22 08:00:00+00:00,64485.0,64485.0,64796.0,-1657.0
2024-05-22 09:00:00+00:00,63780.0,63780.0,63587.0,-2192.0
2024-05-22 10:00:00+00:00,64491.0,64491.0,64770.0,-1618.0
2024-05-22 11:00:00+00:00,66892.0,66892.0,66895.0,-1988.0
2024-05-22 12:00:00+00:00,69793.0,69793.0,69337.0,-2474.0
2024-05-22 13:00:00+00:00,72679.0,72679.0,72183.0,-2361.0
2024-05-22 14:00:00+00:00,74652.0,74652.0,74976.0,-1552.0
2024-05-22 15:00:00+00:00,77021.0,77021.0,77122.0,-1849.0
2024-05-22 16:00:00+00:00,79411.0,79411.0,79663.0,-1669.0
2024-05-22 17:00:00+00:00,81445.0,81445.0,82674.0,-929.0
2024-05-22 18:00:00+00:00,83461.0,83461.0,84321.0,-1498.0
2024-05-22 19:00:00+00:00,84933.0,84933.0,86336.0,-979.0
2024-05-22 20:00:00+00:00,85413.0,85413.0,86981.0,-891.0
2024-05-22 21:00:00+00:00,85915.0,85915.0,87822.0,-552.0
2024-05-22 22:00:00+00:00,85981.0,85981.0,87954.0,-582.0
2024-05-22 23:00:00+00:00,85666.0,85666.0,87125.0,-843.0
2024-05-23 00:00:00+00:00,84419.0,84419.0,84975.0,-1530.0
2024-05-23 01:00:00+00:00,82229.0,82229.0,82273.0,-1864.0
2024-05-23 02:00:00+00:00,80479.0,80479.0,80460.0,-1849.0
2024-05-23 03:00:00+00:00,77489.0,77489.0,76285.0,-2819.0
2024-05-23 04:00:00+00:00,72739.0,72739.0,72496.0,-1699.0
2024-05-23 05:00:00+00:00,67953.0,67953.0,68059.0,-1348.0
2024-05-23 06:00:00+00:00,64504.0,64504.0,64294.0,-1650.0
2024-05-23 07:00:00+00:00,61998.0,61998.0,61560.0,-1827.0
2024-05-23 08:00:00+00:00,60622.0,60622.0,60152.0,-1935.0
2024-05-23 09:00:00+00:00,60095.0,60095.0,59915.0,-1657.0
2024-05-23 10:00:00+00:00,60986.0,60986.0,61056.0,-1361.0
2024-05-23 11:00:00+00:00,63327.0,63327.0,63759.0,-1063.0
2024-05-23 12:00:00+00:00,66791.0,66791.0,66569.0,-1908.0
2024-05-23 13:00:00+00:00,69529.0,69529.0,69313.0,-1769.0
2024-05-23 14:00:00+00:00,71778.0,71778.0,71979.0,-1368.0
2024-05-23 15:00:00+00:00,74048.0,74048.0,75045.0,-713.0
2024-05-23 16:00:00+00:00,76270.0,76270.0,78152.0,60.0
2024-05-23 17:00:00+00:00,78534.0,78534.0,80922.0,388.0
2024-05-23 18:00:00+00:00,80612.0,80612.0,82940.0,198.0
2024-05-23 19:00:00+00:00,82554.0,82554.0,85313.0,781.0
2024-05-23 20:00:00+00:00,84438.0,84438.0,87857.0,1309.0
2024-05-23 21:00:00+00:00,85939.0,85939.0,89811.0,1571.0
2024-05-23 22:00:00+00:00,86867.0,86867.0,90984.0,1806.0
2024-05-23 23:00:00+00:00,86668.0,86668.0,90554.0,1492.0
2024-05-24 00:00:00+00:00,85974.0,85974.0,89335.0,1070.0
2024-05-24 01:00:00+00:00,84044.0,84044.0,86454.0,109.0
2024-05-24 02:00:00+00:00,82300.0,82300.0,84086.0,-383.0
2024-05-24 03:00:00+00:00,79612.0,79612.0,81377.0,-256.0
2024-05-24 04:00:00+00:00,74642.0,74642.0,76336.0,-211.0
2024-05-24 05:00:00+00:00,69965.0,69965.0,71525.0,-590.0
2024-05-24 06:00:00+00:00,66487.0,66487.0,67180.0,-1376.0
2024-05-24 07:00:00+00:00,63953.0,63953.0,64291.0,-1655.0
2024-05-24 08:00:00+00:00,62374.0,62374.0,62076.0,-2154.0
2024-05-24 09:00:00+00:00,61859.0,61859.0,61534.0,-1951.0
2024-05-24 10:00:00+00:00,62473.0,62473.0,62085.0,-1790.0
2024-05-24 11:00:00+00:00,64378.0,64378.0,64076.0,-1756.0
2024-05-24 12:00:00+00:00,67426.0,67426.0,66121.0,-2744.0
2024-05-24 13:00:00+00:00,70377.0,70377.0,68915.0,-2971.0
2024-05-24 14:00:00+00:00,73276.0,73276.0,72324.0,-2618.0
2024-05-24 15:00:00+00:00,76210.0,76210.0,76377.0,-1600.0
2024-05-24 16:00:00+00:00,79131.0,79131.0,79706.0,-1386.0
2024-05-24 17:00:00+00:00,81497.0,81497.0,82110.0,-1458.0
2024-05-24 18:00:00+00:00,83291.0,83291.0,84026.0,-1393.0
2024-05-24 19:00:00+00:00,84448.0,84448.0,85683.0,-1077.0
2024-05-24 20:00:00+00:00,85015.0,85015.0,86741.0,-696.0
2024-05-24 21:00:00+00:00,85158.0,85158.0,86037.0,-1694.0
2024-05-24 22:00:00+00:00,84919.0,84919.0,86217.0,-1214.0
2024-05-24 23:00:00+00:00,83921.0,83921.0,85560.0,-934.0
2024-05-25 00:00:00+00:00,81952.0,81952.0,84013.0,-434.0
2024-05-25 01:00:00+00:00,79261.0,79261.0,80999.0,-726.0
2024-05-25 02:00:00+00:00,77413.0,77413.0,78437.0,-1232.0
2024-05-25 03:00:00+00:00,74870.0,74870.0,75210.0,-1488.0
2024-05-25 04:00:00+00:00,70840.0,70840.0,70793.0,-1318.0
2024-05-25 05:00:00+00:00,66752.0,66752.0,66759.0,-1163.0
2024-05-25 06:00:00+00:00,64517.0,64517.0,62985.0,-2887.0
2024-05-25 07:00:00+00:00,62982.0,62982.0,60117.0,-4171.0
2024-05-25 08:00:00+00:00,61679.0,61679.0,58260.0,-4680.0
2024-05-25 09:00:00+00:00,60791.0,60791.0,57036.0,-4971.0
2024-05-25 10:00:00+00:00,60495.0,60495.0,57394.0,-4416.0
2024-05-25 11:00:00+00:00,59881.0,59881.0,57209.0,-3927.0
2024-05-25 12:00:00+00:00,59719.0,59719.0,57641.0,-3396.0
2024-05-25 13:00:00+00:00,61782.0,61782.0,60301.0,-2761.0
2024-05-25 14:00:00+00:00,63791.0,63791.0,62650.0,-2626.0
2024-05-25 15:00:00+00:00,66401.0,66401.0,65734.0,-2199.0
2024-05-25 16:00:00+00:00,68894.0,68894.0,68917.0,-1342.0
2024-05-25 17:00:00+00:00,71128.0,71128.0,72362.0,-275.0
2024-05-25 18:00:00+00:00,73184.0,73184.0,75491.0,666.0
2024-05-25 19:00:00+00:00,75146.0,75146.0,77311.0,390.0
2024-05-25 20:00:00+00:00,77038.0,77038.0,79044.0,389.0
2024-05-25 21:00:00+00:00,78874.0,78874.0,80901.0,96.0
2024-05-25 22:00:00+00:00,80474.0,80474.0,82550.0,201.0
2024-05-25 23:00:00+00:00,81041.0,81041.0,83134.0,243.0
2024-05-26 00:00:00+00:00,80187.0,80187.0,82244.0,163.0
2024-05-26 01:00:00+00:00,77804.0,77804.0,79667.0,149.0
2024-05-26 02:00:00+00:00,75501.0,75501.0,77218.0,-86.0
2024-05-26 03:00:00+00:00,73190.0,73190.0,74494.0,-550.0
2024-05-26 04:00:00+00:00,69587.0,69587.0,71034.0,-302.0
2024-05-26 05:00:00+00:00,66669.0,66669.0,67919.0,-527.0
2024-05-26 06:00:00+00:00,64123.0,64123.0,63886.0,-1955.0
2024-05-26 07:00:00+00:00,62362.0,62362.0,60816.0,-2941.0
2024-05-26 08:00:00+00:00,61249.0,61249.0,59625.0,-2922.0
2024-05-26 09:00:00+00:00,60549.0,60549.0,57738.0,-4147.0
2024-05-26 10:00:00+00:00,59893.0,59893.0,56958.0,-4185.0
2024-05-26 11:00:00+00:00,59512.0,59512.0,56052.0,-4511.0
2024-05-26 12:00:00+00:00,59116.0,59116.0,55975.0,-4195.0
2024-05-26 13:00:00+00:00,60798.0,60798.0,57950.0,-3767.0
2024-05-26 14:00:00+00:00,62965.0,62965.0,60722.0,-3096.0
2024-05-26 15:00:00+00:00,65547.0,65547.0,64450.0,-1989.0
2024-05-26 16:00:00+00:00,68091.0,68091.0,67862.0,-1276.0
2024-05-26 17:00:00+00:00,70559.0,70559.0,71121.0,-342.0
2024-05-26 18:00:00+00:00,72389.0,72389.0,74033.0,398.0
2024-05-26 19:00:00+00:00,73946.0,73946.0,75690.0,453.0
2024-05-26 20:00:00+00:00,75257.0,75257.0,76795.0,224.0
2024-05-26 21:00:00+00:00,75975.0,75975.0,77092.0,-190.0
2024-05-26 22:00:00+00:00,76763.0,76763.0,78165.0,-52.0
2024-05-26 23:00:00+00:00,76997.0,76997.0,76914.0,-1612.0
2024-05-27 00:00:00+00:00,75925.0,75925.0,76035.0,-1263.0
2024-05-27 01:00:00+00:00,74205.0,74205.0,74030.0,-1436.0
2024-05-27 02:00:00+00:00,73033.0,73033.0,72945.0,-1174.0
2024-05-27 03:00:00+00:00,71150.0,71150.0,70695.0,-1680.0
2024-05-27 04:00:00+00:00,67874.0,67874.0,66451.0,-2501.0
2024-05-27 05:00:00+00:00,64278.0,64278.0,62143.0,-2978.0
2024-05-27 06:00:00+00:00,62377.0,62377.0,58956.0,-4464.0
2024-05-27 07:00:00+00:00,61410.0,61410.0,57351.0,-4926.0
2024-05-27 08:00:00+00:00,60193.0,60193.0,55429.0,-5739.0
2024-05-27 09:00:00+00:00,59468.0,59468.0,54755.0,-5600.0
2024-05-27 10:00:00+00:00,59074.0,59074.0,55061.0,-5045.0
2024-05-27 11:00:00+00:00,59192.0,59192.0,55195.0,-4938.0
2024-05-27 12:00:00+00:00,58744.0,58744.0,54606.0,-5100.0
2024-05-27 13:00:00+00:00,59849.0,59849.0,55869.0,-4968.0
2024-05-27 14:00:00+00:00,62236.0,62236.0,59429.0,-3701.0
2024-05-27 15:00:00+00:00,65422.0,65422.0,63446.0,-3302.0
2024-05-27 16:00:00+00:00,68520.0,68520.0,66286.0,-3535.0
2024-05-27 17:00:00+00:00,70857.0,70857.0,69320.0,-2986.0
2024-05-27 18:00:00+00:00,72685.0,72685.0,70674.0,-3547.0
2024-05-27 19:00:00+00:00,73880.0,73880.0,71677.0,-3830.0
2024-05-27 20:00:00+00:00,75423.0,75423.0,73469.0,-3591.0
2024-05-27 21:00:00+00:00,76570.0,76570.0,75144.0,-3314.0
2024-05-27 22:00:00+00:00,78061.0,78061.0,77464.0,-2419.0
2024-05-27 23:00:00+00:00,78489.0,78489.0,78016.0,-2729.0
2024-05-28 00:00:00+00:00,77989.0,77989.0,76673.0,-3303.0
2024-05-28 01:00:00+00:00,76207.0,76207.0,74452.0,-3673.0
2024-05-28 02:00:00+00:00,74714.0,74714.0,72566.0,-3878.0
2024-05-28 03:00:00+00:00,72494.0,72494.0,70234.0,-3575.0
2024-05-28 04:00:00+00:00,69023.0,69023.0,66930.0,-3196.0
2024-05-28 05:00:00+00:00,65436.0,65436.0,63275.0,-3286.0
2024-05-28 06:00:00+00:00,62449.0,62449.0,58361.0,-5322.0
2024-05-28 07:00:00+00:00,60487.0,60487.0,55956.0,-5437.0
2024-05-28 08:00:00+00:00,59267.0,59267.0,54583.0,-5611.0
2024-05-28 09:00:00+00:00,58258.0,58258.0,53754.0,-5314.0
2024-05-28 10:00:00+00:00,59047.0,59047.0,55012.0,-4821.0
2024-05-28 11:00:00+00:00,61671.0,61671.0,57975.0,-4666.0
2024-05-28 12:00:00+00:00,65062.0,65062.0,60886.0,-5313.0
2024-05-28 13:00:00+00:00,68722.0,68722.0,64607.0,-5242.0
2024-05-28 14:00:00+00:00,71341.0,71341.0,68022.0,-4410.0
2024-05-28 15:00:00+00:00,73798.0,73798.0,71240.0,-3730.0
2024-05-28 16:00:00+00:00,75998.0,75998.0,74179.0,-3028.0
2024-05-28 17:00:00+00:00,78071.0,78071.0,76628.0,-2771.0
2024-05-28 18:00:00+00:00,79642.0,79642.0,78942.0,-2235.0
2024-05-28 19:00:00+00:00,80277.0,80277.0,79183.0,-2939.0
2024-05-28 20:00:00+00:00,80298.0,80298.0,78764.0,-3175.0
2024-05-28 21:00:00+00:00,79579.0,79579.0,77655.0,-3548.0
2024-05-28 22:00:00+00:00,79095.0,79095.0,77136.0,-3419.0
2024-05-28 23:00:00+00:00,78508.0,78508.0,76018.0,-3929.0
2024-05-29 00:00:00+00:00,77806.0,77806.0,75288.0,-3788.0
2024-05-29 01:00:00+00:00,76058.0,76058.0,73099.0,-4236.0
2024-05-29 02:00:00+00:00,74649.0,74649.0,71420.0,-4535.0
2024-05-29 03:00:00+00:00,72401.0,72401.0,69240.0,-4292.0
2024-05-29 04:00:00+00:00,69106.0,69106.0,66856.0,-3191.0
2024-05-29 05:00:00+00:00,65376.0,65376.0,63626.0,-2848.0
2024-05-29 06:00:00+00:00,62410.0,62410.0,59159.0,-4322.0
2024-05-29 07:00:00+00:00,60652.0,60652.0,56244.0,-5215.0
2024-05-29 08:00:00+00:00,60340.0,60340.0,55765.0,-5460.0
2024-05-29 09:00:00+00:00,59497.0,59497.0,54284.0,-6115.0
2024-05-29 10:00:00+00:00,59304.0,59304.0,54026.0,-5866.0
2024-05-29 11:00:00+00:00,60946.0,60946.0,56659.0,-4978.0
2024-05-29 12:00:00+00:00,64064.0,64064.0,59929.0,-4988.0
2024-05-29 13:00:00+00:00,66796.0,66796.0,62497.0,-5095.0
2024-05-29 14:00:00+00:00,68750.0,68750.0,64705.0,-4803.0
2024-05-29 15:00:00+00:00,70383.0,70383.0,66531.0,-4601.0
2024-05-29 16:00:00+00:00,72264.0,72264.0,69453.0,-3558.0
2024-05-29 17:00:00+00:00,74302.0,74302.0,71994.0,-3144.0
2024-05-29 18:00:00+00:00,76395.0,76395.0,74459.0,-2830.0
2024-05-29 19:00:00+00:00,78273.0,78273.0,76224.0,-2993.0
2024-05-29 20:00:00+00:00,79263.0,79263.0,76988.0,-3255.0
2024-05-29 21:00:00+00:00,79597.0,79597.0,77495.0,-3063.0
2024-05-29 22:00:00+00:00,79697.0,79697.0,78307.0,-2391.0
2024-05-29 23:00:00+00:00,79457.0,79457.0,78183.0,-2428.0
2024-05-30 00:00:00+00:00,78439.0,78439.0,76475.0,-3222.0
2024-05-30 01:00:00+00:00,76984.0,76984.0,74811.0,-3458.0
2024-05-30 02:00:00+00:00,75603.0,75603.0,73316.0,-3698.0
2024-05-30 03:00:00+00:00,73469.0,73469.0,71881.0,-3223.0
2024-05-30 04:00:00+00:00,69668.0,69668.0,68238.0,-3107.0
2024-05-30 05:00:00+00:00,66052.0,66052.0,64588.0,-2866.0
2024-05-30 06:00:00+00:00,63304.0,63304.0,61200.0,-3577.0
2024-05-30 07:00:00+00:00,61723.0,61723.0,59613.0,-3404.0
2024-05-30 08:00:00+00:00,60810.0,60810.0,58709.0,-3455.0
2024-05-30 09:00:00+00:00,60485.0,60485.0,58476.0,-3309.0
2024-05-30 10:00:00+00:00,60828.0,60828.0,59540.0,-2412.0
2024-05-30 11:00:00+00:00,62101.0,62101.0,61165.0,-2370.0
2024-05-30 12:00:00+00:00,64452.0,64452.0,62729.0,-3234.0
2024-05-30 13:00:00+00:00,67050.0,67050.0,65336.0,-2989.0
2024-05-30 14:00:00+00:00,69358.0,69358.0,67788.0,-2907.0
2024-05-30 15:00:00+00:00,70930.0,70930.0,68728.0,-3465.0
2024-05-30 16:00:00+00:00,73125.0,73125.0,71451.0,-2912.0
2024-05-30 17:00:00+00:00,74935.0,74935.0,72729.0,-3722.0
2024-05-30 18:00:00+00:00,76698.0,76698.0,73861.0,-4227.0
2024-05-30 19:00:00+00:00,78194.0,78194.0,75555.0,-3876.0
2024-05-30 20:00:00+00:00,79339.0,79339.0,77434.0,-3256.0
2024-05-30 21:00:00+00:00,80625.0,80625.0,79415.0,-2631.0
2024-05-30 22:00:00+00:00,81546.0,81546.0,80638.0,-2483.0
2024-05-30 23:00:00+00:00,81615.0,81615.0,80111.0,-3221.0
2024-05-31 00:00:00+00:00,80680.0,80680.0,79711.0,-2702.0
2024-05-31 01:00:00+00:00,79080.0,79080.0,77776.0,-2951.0
2024-05-31 02:00:00+00:00,77559.0,77559.0,75898.0,-3222.0
2024-05-31 03:00:00+00:00,74993.0,74993.0,72291.0,-4130.0
2024-05-31 04:00:00+00:00,71028.0,71028.0,68825.0,-3566.0
2024-05-31 05:00:00+00:00,67170.0,67170.0,64812.0,-3397.0
2024-05-31 06:00:00+00:00,64357.0,64357.0,61040.0,-4410.0
2024-05-31 07:00:00+00:00,62449.0,62449.0,57909.0,-5373.0
2024-05-31 08:00:00+00:00,61017.0,61017.0,56383.0,-5372.0
2024-05-31 09:00:00+00:00,60460.0,60460.0,55772.0,-5382.0
2024-05-31 10:00:00+00:00,60519.0,60519.0,56262.0,-4876.0
2024-05-31 11:00:00+00:00,61744.0,61744.0,58029.0,-4333.0
2024-05-31 12:00:00+00:00,64389.0,64389.0,60154.0,-5074.0
2024-05-31 13:00:00+00:00,67276.0,67276.0,62813.0,-5174.0
2024-05-31 14:00:00+00:00,69747.0,69747.0,64870.0,-5510.0
2024-05-31 15:00:00+00:00,71709.0,71709.0,66935.0,-5447.0
2024-05-31 16:00:00+00:00,73081.0,73081.0,68641.0,-5280.0
2024-05-31 17:00:00+00:00,74811.0,74811.0,70325.0,-5235.0
2024-05-31 18:00:00+00:00,76042.0,76042.0,71667.0,-5196.0
2024-05-31 19:00:00+00:00,77094.0,77094.0,72842.0,-5087.0
2024-05-31 20:00:00+00:00,77413.0,77413.0,73747.0,-4567.0
2024-05-31 21:00:00+00:00,77921.0,77921.0,74894.0,-4097.0
2024-05-31 22:00:00+00:00,78296.0,78296.0,75143.0,-4242.0
2024-05-31 23:00:00+00:00,77638.0,77638.0,75083.0,-3706.0
2024-06-01 00:00:00+00:00,76479.0,76479.0,74527.0,-3234.0
2024-06-01 01:00:00+00:00,74587.0,74587.0,72003.0,-3800.0
2024-06-01 02:00:00+00:00,73681.0,73681.0,70189.0,-4593.0
2024-06-01 03:00:00+00:00,71872.0,71872.0,68090.0,-4786.0
2024-06-01 04:00:00+00:00,68540.0,68540.0,65117.0,-4122.0
2024-06-01 05:00:00+00:00,65615.0,65615.0,62756.0,-3578.0
2024-06-01 06:00:00+00:00,62834.0,62834.0,58877.0,-5075.0
2024-06-01 07:00:00+00:00,61558.0,61558.0,55281.0,-7023.0
2024-06-01 08:00:00+00:00,60234.0,60234.0,53689.0,-7215.0
2024-06-01 09:00:00+00:00,59538.0,59538.0,53119.0,-6981.0
2024-06-01 10:00:00+00:00,59430.0,59430.0,53310.0,-6618.0
2024-06-01 11:00:00+00:00,58824.0,58824.0,52563.0,-6777.0
2024-06-01 12:00:00+00:00,58507.0,58507.0,52809.0,-6164.0
2024-06-01 13:00:00+00:00,60590.0,60590.0,54794.0,-6410.0
2024-06-01 14:00:00+00:00,63814.0,63814.0,57602.0,-6797.0
2024-06-01 15:00:00+00:00,66608.0,66608.0,60906.0,-6434.0
2024-06-01 16:00:00+00:00,69280.0,69280.0,63296.0,-6703.0
2024-06-01 17:00:00+00:00,71327.0,71327.0,65590.0,-6444.0
2024-06-01 18:00:00+00:00,72696.0,72696.0,67068.0,-6531.0
2024-06-01 19:00:00+00:00,73840.0,73840.0,68466.0,-6200.0
2024-06-01 20:00:00+00:00,74308.0,74308.0,68959.0,-6344.0
2024-06-01 21:00:00+00:00,74414.0,74414.0,69679.0,-5629.0
2024-06-01 22:00:00+00:00,74694.0,74694.0,70706.0,-4934.0
2024-06-01 23:00:00+00:00,74511.0,74511.0,70601.0,-4817.0
2024-06-02 00:00:00+00:00,73775.0,73775.0,69861.0,-4858.0
2024-06-02 01:00:00+00:00,72666.0,72666.0,68730.0,-5114.0
2024-06-02 02:00:00+00:00,71933.0,71933.0,66650.0,-6292.0
2024-06-02 03:00:00+00:00,70115.0,70115.0,65350.0,-5599.0
2024-06-02 04:00:00+00:00,67553.0,67553.0,63674.0,-4577.0
2024-06-02 05:00:00+00:00,64503.0,64503.0,60545.0,-4721.0
2024-06-02 06:00:00+00:00,62128.0,62128.0,57557.0,-5575.0
2024-06-02 07:00:00+00:00,60030.0,60030.0,54422.0,-6333.0
2024-06-02 08:00:00+00:00,58315.0,58315.0,52212.0,-6826.0
2024-06-02 09:00:00+00:00,56405.0,56405.0,50274.0,-6861.0
2024-06-02 10:00:00+00:00,55786.0,55786.0,49983.0,-6532.0
2024-06-02 11:00:00+00:00,55880.0,55880.0,50821.0,-5922.0
2024-06-02 12:00:00+00:00,56459.0,56459.0,51998.0,-5499.0
2024-06-02 13:00:00+00:00,58513.0,58513.0,54727.0,-4887.0
2024-06-02 14:00:00+00:00,61379.0,61379.0,57898.0,-4517.0
2024-06-02 15:00:00+00:00,64127.0,64127.0,60614.0,-4665.0
2024-06-02 16:00:00+00:00,66691.0,66691.0,63435.0,-4418.0
2024-06-02 17:00:00+00:00,69408.0,69408.0,66221.0,-4362.0
2024-06-02 18:00:00+00:00,71884.0,71884.0,69629.0,-3555.0
2024-06-02 19:00:00+00:00,73779.0,73779.0,72696.0,-2593.0
2024-06-02 20:00:00+00:00,75868.0,75868.0,75050.0,-2647.0
2024-06-02 21:00:00+00:00,77608.0,77608.0,76313.0,-3303.0
2024-06-02 22:00:00+00:00,79592.0,79592.0,77621.0,-3817.0
2024-06-02 23:00:00+00:00,80757.0,80757.0,79503.0,-3005.0
2024-06-03 00:00:00+00:00,80486.0,80486.0,80025.0,-2256.0
2024-06-03 01:00:00+00:00,78986.0,78986.0,79060.0,-1778.0
2024-06-03 02:00:00+00:00,77631.0,77631.0,77460.0,-2089.0
2024-06-03 03:00:00+00:00,75324.0,75324.0,74728.0,-2459.0
2024-06-03 04:00:00+00:00,71620.0,71620.0,69865.0,-3434.0
2024-06-03 05:00:00+00:00,68005.0,68005.0,67031.0,-2381.0
2024-06-03 06:00:00+00:00,64783.0,64783.0,63462.0,-2937.0
2024-06-03 07:00:00+00:00,62463.0,62463.0,60433.0,-3183.0
2024-06-03 08:00:00+00:00,61268.0,61268.0,59410.0,-3238.0
2024-06-03 09:00:00+00:00,60377.0,60377.0,58808.0,-2842.0
2024-06-03 10:00:00+00:00,60689.0,60689.0,58741.0,-3066.0
2024-06-03 11:00:00+00:00,63307.0,63307.0,60817.0,-3730.0
2024-06-03 12:00:00+00:00,67006.0,67006.0,63777.0,-4405.0
2024-06-03 13:00:00+00:00,70637.0,70637.0,66847.0,-4939.0
2024-06-03 14:00:00+00:00,73898.0,73898.0,71081.0,-4077.0
2024-06-03 15:00:00+00:00,77339.0,77339.0,74751.0,-3891.0
2024-06-03 16:00:00+00:00,80687.0,80687.0,78361.0,-3722.0
2024-06-03 17:00:00+00:00,83847.0,83847.0,81067.0,-4359.0
2024-06-03 18:00:00+00:00,87096.0,87096.0,83785.0,-4881.0
2024-06-03 19:00:00+00:00,89885.0,89885.0,86750.0,-4642.0
2024-06-03 20:00:00+00:00,91778.0,91778.0,88991.0,-4415.0
2024-06-03 21:00:00+00:00,93346.0,93346.0,90990.0,-4028.0
2024-06-03 22:00:00+00:00,93973.0,93973.0,92067.0,-3681.0
2024-06-03 23:00:00+00:00,94328.0,94328.0,92130.0,-4028.0
2024-06-04 00:00:00+00:00,93005.0,93005.0,91306.0,-3533.0
2024-06-04 01:00:00+00:00,90282.0,90282.0,88253.0,-3999.0
2024-06-04 02:00:00+00:00,87825.0,87825.0,85230.0,-4408.0
2024-06-04 03:00:00+00:00,84488.0,84488.0,80970.0,-5233.0
2024-06-04 04:00:00+00:00,79888.0,79888.0,77302.0,-4115.0
2024-06-04 05:00:00+00:00,75301.0,75301.0,73883.0,-3020.0
2024-06-04 06:00:00+00:00,71262.0,71262.0,71121.0,-1921.0
2024-06-04 07:00:00+00:00,68383.0,68383.0,67535.0,-2542.0
2024-06-04 08:00:00+00:00,66612.0,66612.0,65575.0,-2556.0
2024-06-04 09:00:00+00:00,65504.0,65504.0,64469.0,-2509.0
2024-06-04 10:00:00+00:00,66063.0,66063.0,65252.0,-2206.0
2024-06-04 11:00:00+00:00,68011.0,68011.0,67299.0,-2176.0
2024-06-04 12:00:00+00:00,71418.0,71418.0,69364.0,-3580.0
2024-06-04 13:00:00+00:00,75341.0,75341.0,72846.0,-3927.0
2024-06-04 14:00:00+00:00,77547.0,77547.0,75555.0,-3464.0
2024-06-04 15:00:00+00:00,80753.0,80753.0,79191.0,-3093.0
2024-06-04 16:00:00+00:00,84587.0,84587.0,83628.0,-2934.0
2024-06-04 17:00:00+00:00,88148.0,88148.0,87664.0,-2537.0
2024-06-04 18:00:00+00:00,91443.0,91443.0,91133.0,-2656.0
2024-06-04 19:00:00+00:00,94106.0,94106.0,94517.0,-2122.0
2024-06-04 20:00:00+00:00,95014.0,95014.0,94113.0,-3377.0
2024-06-04 21:00:00+00:00,95346.0,95346.0,95156.0,-2839.0
2024-06-04 22:00:00+00:00,95295.0,95295.0,95319.0,-2727.0
2024-06-04 23:00:00+00:00,93976.0,93976.0,93341.0,-3170.0
2024-06-05 00:00:00+00:00,91782.0,91782.0,91900.0,-2333.0
2024-06-05 01:00:00+00:00,88671.0,88671.0,88091.0,-2693.0
2024-06-05 02:00:00+00:00,86296.0,86296.0,85414.0,-3045.0
2024-06-05 03:00:00+00:00,83357.0,83357.0,82688.0,-2509.0
2024-06-05 04:00:00+00:00,78951.0,78951.0,78803.0,-1681.0
2024-06-05 05:00:00+00:00,74889.0,74889.0,75650.0,-1024.0
2024-06-05 06:00:00+00:00,71717.0,71717.0,70853.0,-2862.0
2024-06-05 07:00:00+00:00,68952.0,68952.0,66810.0,-3892.0
2024-06-05 08:00:00+00:00,67192.0,67192.0,63850.0,-4907.0
2024-06-05 09:00:00+00:00,66622.0,66622.0,63820.0,-4254.0
2024-06-05 10:00:00+00:00,67138.0,67138.0,64464.0,-4227.0
2024-06-05 11:00:00+00:00,69065.0,69065.0,67120.0,-3569.0
2024-06-05 12:00:00+00:00,71458.0,71458.0,68836.0,-4282.0
2024-06-05 13:00:00+00:00,74378.0,74378.0,72261.0,-3739.0
2024-06-05 14:00:00+00:00,77037.0,77037.0,74771.0,-3879.0
2024-06-05 15:00:00+00:00,79316.0,79316.0,78040.0,-2853.0
2024-06-05 16:00:00+00:00,81230.0,81230.0,80671.0,-2377.0
2024-06-05 17:00:00+00:00,83536.0,83536.0,83367.0,-2288.0
2024-06-05 18:00:00+00:00,85614.0,85614.0,85304.0,-2408.0
2024-06-05 19:00:00+00:00,87174.0,87174.0,87304.0,-2026.0
2024-06-05 20:00:00+00:00,87099.0,87099.0,87587.0,-1849.0
2024-06-05 21:00:00+00:00,86827.0,86827.0,86988.0,-1837.0
2024-06-05 22:00:00+00:00,87414.0,87414.0,87582.0,-1903.0
2024-06-05 23:00:00+00:00,87455.0,87455.0,87713.0,-1981.0
2024-06-06 00:00:00+00:00,86643.0,86643.0,87050.0,-1869.0
2024-06-06 01:00:00+00:00,84786.0,84786.0,84343.0,-2761.0
2024-06-06 02:00:00+00:00,82782.0,82782.0,81594.0,-3337.0
2024-06-06 03:00:00+00:00,80035.0,80035.0,78752.0,-3292.0
2024-06-06 04:00:00+00:00,76086.0,76086.0,75319.0,-2495.0
2024-06-06 05:00:00+00:00,72481.0,72481.0,72762.0,-1342.0
2024-06-06 06:00:00+00:00,69112.0,69112.0,69194.0,-1773.0
2024-06-06 07:00:00+00:00,66491.0,66491.0,65886.0,-2410.0
2024-06-06 08:00:00+00:00,64681.0,64681.0,64159.0,-2330.0
2024-06-06 09:00:00+00:00,63947.0,63947.0,63454.0,-2258.0
2024-06-06 10:00:00+00:00,63957.0,63957.0,63668.0,-1954.0
2024-06-06 11:00:00+00:00,65049.0,65049.0,65383.0,-1431.0
2024-06-06 12:00:00+00:00,67435.0,67435.0,67241.0,-1951.0
2024-06-06 13:00:00+00:00,70214.0,70214.0,70131.0,-1760.0
2024-06-06 14:00:00+00:00,73191.0,73191.0,73140.0,-1518.0
2024-06-06 15:00:00+00:00,75922.0,75922.0,76199.0,-1422.0
2024-06-06 16:00:00+00:00,78561.0,78561.0,78798.0,-1551.0
2024-06-06 17:00:00+00:00,81002.0,81002.0,81866.0,-1082.0
2024-06-06 18:00:00+00:00,82878.0,82878.0,83944.0,-1039.0
2024-06-06 19:00:00+00:00,84924.0,84924.0,86038.0,-926.0
2024-06-06 20:00:00+00:00,85771.0,85771.0,86955.0,-1003.0
2024-06-06 21:00:00+00:00,86636.0,86636.0,87788.0,-933.0
2024-06-06 22:00:00+00:00,87266.0,87266.0,88343.0,-1050.0
2024-06-06 23:00:00+00:00,86736.0,86736.0,88232.0,-818.0
2024-06-07 00:00:00+00:00,85731.0,85731.0,87237.0,-749.0
2024-06-07 01:00:00+00:00,83505.0,83505.0,83880.0,-1857.0
2024-06-07 02:00:00+00:00,81316.0,81316.0,81086.0,-2169.0
2024-06-07 03:00:00+00:00,78661.0,78661.0,77596.0,-2623.0
2024-06-07 04:00:00+00:00,74750.0,74750.0,73976.0,-1901.0
2024-06-07 05:00:00+00:00,70933.0,70933.0,70432.0,-1667.0
2024-06-07 06:00:00+00:00,67514.0,67514.0,65466.0,-3400.0
2024-06-07 07:00:00+00:00,64716.0,64716.0,61748.0,-3958.0
2024-06-07 08:00:00+00:00,62899.0,62899.0,59262.0,-4685.0
2024-06-07 09:00:00+00:00,62162.0,62162.0,57667.0,-5493.0
2024-06-07 10:00:00+00:00,62185.0,62185.0,57914.0,-5089.0
2024-06-07 11:00:00+00:00,62866.0,62866.0,59003.0,-4876.0
2024-06-07 12:00:00+00:00,64594.0,64594.0,60146.0,-5554.0
2024-06-07 13:00:00+00:00,68007.0,68007.0,63068.0,-5870.0
2024-06-07 14:00:00+00:00,71046.0,71046.0,66017.0,-5984.0
2024-06-07 15:00:00+00:00,73810.0,73810.0,69564.0,-5408.0
2024-06-07 16:00:00+00:00,76594.0,76594.0,72373.0,-5478.0
2024-06-07 17:00:00+00:00,78867.0,78867.0,74880.0,-5314.0
2024-06-07 18:00:00+00:00,81281.0,81281.0,76961.0,-5677.0
2024-06-07 19:00:00+00:00,83182.0,83182.0,79489.0,-5153.0
2024-06-07 20:00:00+00:00,84784.0,84784.0,80847.0,-5556.0
2024-06-07 21:00:00+00:00,86169.0,86169.0,82230.0,-5520.0
2024-06-07 22:00:00+00:00,87165.0,87165.0,83096.0,-5869.0
2024-06-07 23:00:00+00:00,87075.0,87075.0,82744.0,-6090.0
2024-06-08 00:00:00+00:00,85759.0,85759.0,80972.0,-6413.0
2024-06-08 01:00:00+00:00,83108.0,83108.0,77840.0,-6944.0
2024-06-08 02:00:00+00:00,80391.0,80391.0,75234.0,-6666.0
2024-06-08 03:00:00+00:00,77615.0,77615.0,72762.0,-6237.0
2024-06-08 04:00:00+00:00,73612.0,73612.0,68879.0,-5843.0
2024-06-08 05:00:00+00:00,69092.0,69092.0,65438.0,-4752.0
2024-06-08 06:00:00+00:00,65759.0,65759.0,62546.0,-4479.0
2024-06-08 07:00:00+00:00,63780.0,63780.0,59459.0,-5484.0
2024-06-08 08:00:00+00:00,61836.0,61836.0,57230.0,-5743.0
2024-06-08 09:00:00+00:00,60708.0,60708.0,55834.0,-6008.0
2024-06-08 10:00:00+00:00,60010.0,60010.0,54791.0,-6128.0
2024-06-08 11:00:00+00:00,59458.0,59458.0,55294.0,-4983.0
2024-06-08 12:00:00+00:00,60125.0,60125.0,56492.0,-4467.0
2024-06-08 13:00:00+00:00,61850.0,61850.0,57933.0,-4795.0
2024-06-08 14:00:00+00:00,64468.0,64468.0,60100.0,-5300.0
2024-06-08 15:00:00+00:00,67387.0,67387.0,63516.0,-4856.0
2024-06-08 16:00:00+00:00,70123.0,70123.0,66464.0,-4727.0
2024-06-08 17:00:00+00:00,72456.0,72456.0,68710.0,-4944.0
2024-06-08 18:00:00+00:00,74496.0,74496.0,70647.0,-5154.0
2024-06-08 19:00:00+00:00,76697.0,76697.0,73317.0,-4942.0
2024-06-08 20:00:00+00:00,78339.0,78339.0,75201.0,-4649.0
2024-06-08 21:00:00+00:00,79918.0,79918.0,76284.0,-5288.0
2024-06-08 22:00:00+00:00,81220.0,81220.0,77368.0,-5531.0
2024-06-08 23:00:00+00:00,81664.0,81664.0,77921.0,-5340.0
2024-06-09 00:00:00+00:00,80919.0,80919.0,77584.0,-4905.0
2024-06-09 01:00:00+00:00,79128.0,79128.0,75756.0,-5030.0
2024-06-09 02:00:00+00:00,77128.0,77128.0,73011.0,-5616.0
2024-06-09 03:00:00+00:00,75100.0,75100.0,70456.0,-5992.0
2024-06-09 04:00:00+00:00,71502.0,71502.0,67035.0,-5574.0
2024-06-09 05:00:00+00:00,67967.0,67967.0,64275.0,-4568.0
2024-06-09 06:00:00+00:00,65672.0,65672.0,61217.0,-5704.0
2024-06-09 07:00:00+00:00,63565.0,63565.0,56917.0,-7666.0
2024-06-09 08:00:00+00:00,61809.0,61809.0,54761.0,-7901.0
2024-06-09 09:00:00+00:00,60553.0,60553.0,53685.0,-7739.0
2024-06-09 10:00:00+00:00,59888.0,59888.0,53199.0,-7498.0
2024-06-09 11:00:00+00:00,58855.0,58855.0,52591.0,-6984.0
2024-06-09 12:00:00+00:00,58485.0,58485.0,51700.0,-7551.0
2024-06-09 13:00:00+00:00,60257.0,60257.0,54067.0,-6981.0
2024-06-09 14:00:00+00:00,62701.0,62701.0,56653.0,-6887.0
2024-06-09 15:00:00+00:00,65743.0,65743.0,59705.0,-6776.0
2024-06-09 16:00:00+00:00,68542.0,68542.0,64119.0,-5326.0
2024-06-09 17:00:00+00:00,71017.0,71017.0,67865.0,-4445.0
2024-06-09 18:00:00+00:00,73385.0,73385.0,69965.0,-4841.0
2024-06-09 19:00:00+00:00,75227.0,75227.0,71542.0,-5182.0
2024-06-09 20:00:00+00:00,76741.0,76741.0,74103.0,-4274.0
2024-06-09 21:00:00+00:00,78457.0,78457.0,76703.0,-3494.0
2024-06-09 22:00:00+00:00,80086.0,80086.0,78348.0,-3553.0
2024-06-09 23:00:00+00:00,81059.0,81059.0,79428.0,-3564.0
2024-06-10 00:00:00+00:00,80620.0,80620.0,79388.0,-3269.0
2024-06-10 01:00:00+00:00,79066.0,79066.0,77018.0,-3924.0
2024-06-10 02:00:00+00:00,77009.0,77009.0,74779.0,-3894.0
2024-06-10 03:00:00+00:00,74660.0,74660.0,71734.0,-4516.0
2024-06-10 04:00:00+00:00,70681.0,70681.0,66628.0,-5279.0
2024-06-10 05:00:00+00:00,67365.0,67365.0,64250.0,-4263.0
2024-06-10 06:00:00+00:00,64879.0,64879.0,59633.0,-6699.0
2024-06-10 07:00:00+00:00,62786.0,62786.0,56442.0,-7369.0
2024-06-10 08:00:00+00:00,61591.0,61591.0,55198.0,-7470.0
2024-06-10 09:00:00+00:00,60839.0,60839.0,54244.0,-7613.0
2024-06-10 10:00:00+00:00,61188.0,61188.0,55064.0,-6996.0
2024-06-10 11:00:00+00:00,62061.0,62061.0,55899.0,-7177.0
2024-06-10 12:00:00+00:00,65007.0,65007.0,58679.0,-7362.0
2024-06-10 13:00:00+00:00,68105.0,68105.0,61835.0,-7400.0
2024-06-10 14:00:00+00:00,70634.0,70634.0,63561.0,-8310.0
2024-06-10 15:00:00+00:00,73106.0,73106.0,66895.0,-7350.0
2024-06-10 16:00:00+00:00,75432.0,75432.0,69387.0,-7244.0
2024-06-10 17:00:00+00:00,77459.0,77459.0,72226.0,-6358.0
2024-06-10 18:00:00+00:00,79229.0,79229.0,74217.0,-6268.0
2024-06-10 19:00:00+00:00,80860.0,80860.0,76271.0,-5940.0
2024-06-10 20:00:00+00:00,81733.0,81733.0,77497.0,-5610.0
2024-06-10 21:00:00+00:00,82257.0,82257.0,77976.0,-5677.0
2024-06-10 22:00:00+00:00,83009.0,83009.0,78751.0,-5625.0
2024-06-10 23:00:00+00:00,83280.0,83280.0,78921.0,-5775.0
2024-06-11 00:00:00+00:00,82616.0,82616.0,77966.0,-6177.0
2024-06-11 01:00:00+00:00,81031.0,81031.0,75870.0,-6641.0
2024-06-11 02:00:00+00:00,78902.0,78902.0,73838.0,-6474.0
2024-06-11 03:00:00+00:00,76301.0,76301.0,71552.0,-6314.0
2024-06-11 04:00:00+00:00,72447.0,72447.0,68267.0,-5587.0
2024-06-11 05:00:00+00:00,68863.0,68863.0,65830.0,-4424.0
2024-06-11 06:00:00+00:00,65499.0,65499.0,61806.0,-5341.0
2024-06-11 07:00:00+00:00,63164.0,63164.0,58594.0,-6025.0
2024-06-11 08:00:00+00:00,61536.0,61536.0,56758.0,-6186.0
2024-06-11 09:00:00+00:00,60680.0,60680.0,56530.0,-5480.0
2024-06-11 10:00:00+00:00,61227.0,61227.0,57715.0,-4914.0
2024-06-11 11:00:00+00:00,62759.0,62759.0,59443.0,-4698.0
2024-06-11 12:00:00+00:00,65108.0,65108.0,61473.0,-5021.0
2024-06-11 13:00:00+00:00,68129.0,68129.0,63852.0,-5607.0
2024-06-11 14:00:00+00:00,70537.0,70537.0,66144.0,-5572.0
2024-06-11 15:00:00+00:00,72534.0,72534.0,69049.0,-4559.0
2024-06-11 16:00:00+00:00,74808.0,74808.0,71503.0,-4804.0
2024-06-11 17:00:00+00:00,77313.0,77313.0,74219.0,-4851.0
2024-06-11 18:00:00+00:00,79517.0,79517.0,76146.0,-5103.0
2024-06-11 19:00:00+00:00,82099.0,82099.0,78824.0,-4884.0
2024-06-11 20:00:00+00:00,83589.0,83589.0,80629.0,-4607.0
2024-06-11 21:00:00+00:00,85000.0,85000.0,82328.0,-4386.0
2024-06-11 22:00:00+00:00,86363.0,86363.0,83632.0,-4444.0
2024-06-11 23:00:00+00:00,86929.0,86929.0,83935.0,-4802.0
2024-06-12 00:00:00+00:00,86471.0,86471.0,83575.0,-4710.0
2024-06-12 01:00:00+00:00,84584.0,84584.0,80835.0,-5416.0
2024-06-12 02:00:00+00:00,82367.0,82367.0,77399.0,-6494.0
2024-06-12 03:00:00+00:00,79608.0,79608.0,74216.0,-6764.0
2024-06-12 04:00:00+00:00,75485.0,75485.0,69793.0,-6894.0
2024-06-12 05:00:00+00:00,71761.0,71761.0,67117.0,-5590.0
2024-06-12 06:00:00+00:00,68491.0,68491.0,62905.0,-7041.0
2024-06-12 07:00:00+00:00,65925.0,65925.0,58315.0,-8756.0
2024-06-12 08:00:00+00:00,63991.0,63991.0,56728.0,-8349.0
2024-06-12 09:00:00+00:00,62849.0,62849.0,56165.0,-7947.0
2024-06-12 10:00:00+00:00,62832.0,62832.0,56698.0,-7394.0
2024-06-12 11:00:00+00:00,63502.0,63502.0,57819.0,-7257.0
2024-06-12 12:00:00+00:00,66320.0,66320.0,60401.0,-7601.0
2024-06-12 13:00:00+00:00,69810.0,69810.0,63576.0,-7876.0
2024-06-12 14:00:00+00:00,73294.0,73294.0,66566.0,-8107.0
2024-06-12 15:00:00+00:00,76780.0,76780.0,70727.0,-7571.0
2024-06-12 16:00:00+00:00,80442.0,80442.0,75547.0,-6616.0
2024-06-12 17:00:00+00:00,83806.0,83806.0,79293.0,-6474.0
2024-06-12 18:00:00+00:00,87352.0,87352.0,83790.0,-5330.0
2024-06-12 19:00:00+00:00,90617.0,90617.0,87636.0,-4933.0
2024-06-12 20:00:00+00:00,93002.0,93002.0,90143.0,-4827.0
2024-06-12 21:00:00+00:00,94920.0,94920.0,92875.0,-4158.0
2024-06-12 22:00:00+00:00,96356.0,96356.0,93958.0,-4520.0
2024-06-12 23:00:00+00:00,96825.0,96825.0,94257.0,-4760.0
2024-06-13 00:00:00+00:00,96144.0,96144.0,93054.0,-5171.0
2024-06-13 01:00:00+00:00,93790.0,93790.0,90195.0,-5505.0
2024-06-13 02:00:00+00:00,90628.0,90628.0,86446.0,-5977.0
2024-06-13 03:00:00+00:00,87174.0,87174.0,83452.0,-5435.0
2024-06-13 04:00:00+00:00,82113.0,82113.0,78551.0,-5242.0
2024-06-13 05:00:00+00:00,77340.0,77340.0,74486.0,-4399.0
2024-06-13 06:00:00+00:00,73695.0,73695.0,69957.0,-5708.0
2024-06-13 07:00:00+00:00,70502.0,70502.0,64507.0,-7549.0
2024-06-13 08:00:00+00:00,68297.0,68297.0,61568.0,-8093.0
2024-06-13 09:00:00+00:00,67074.0,67074.0,59657.0,-8602.0
2024-06-13 10:00:00+00:00,67375.0,67375.0,60139.0,-8536.0
2024-06-13 11:00:00+00:00,68331.0,68331.0,61320.0,-8146.0
2024-06-13 12:00:00+00:00,71050.0,71050.0,64259.0,-8281.0
2024-06-13 13:00:00+00:00,74466.0,74466.0,67918.0,-7902.0
2024-06-13 14:00:00+00:00,78075.0,78075.0,71914.0,-7612.0
2024-06-13 15:00:00+00:00,82109.0,82109.0,76614.0,-7239.0
2024-06-13 16:00:00+00:00,86858.0,86858.0,81987.0,-6507.0
2024-06-13 17:00:00+00:00,91016.0,91016.0,87407.0,-5546.0
2024-06-13 18:00:00+00:00,94607.0,94607.0,91955.0,-4931.0
2024-06-13 19:00:00+00:00,97937.0,97937.0,95257.0,-4813.0
2024-06-13 20:00:00+00:00,100107.0,100107.0,98090.0,-4136.0
2024-06-13 21:00:00+00:00,101330.0,101330.0,99767.0,-3793.0
2024-06-13 22:00:00+00:00,102239.0,102239.0,100920.0,-3679.0
2024-06-13 23:00:00+00:00,101766.0,101766.0,100130.0,-3892.0
2024-06-14 00:00:00+00:00,100382.0,100382.0,98166.0,-4429.0
2024-06-14 01:00:00+00:00,97557.0,97557.0,94446.0,-5155.0
2024-06-14 02:00:00+00:00,94048.0,94048.0,90588.0,-5272.0
2024-06-14 03:00:00+00:00,90059.0,90059.0,85967.0,-5844.0
2024-06-14 04:00:00+00:00,85017.0,85017.0,81143.0,-5137.0
2024-06-14 05:00:00+00:00,80150.0,80150.0,76440.0,-5026.0
2024-06-14 06:00:00+00:00,75799.0,75799.0,71380.0,-6044.0
2024-06-14 07:00:00+00:00,72153.0,72153.0,65626.0,-7783.0
2024-06-14 08:00:00+00:00,69757.0,69757.0,63035.0,-7965.0
2024-06-14 09:00:00+00:00,68412.0,68412.0,60909.0,-8608.0
2024-06-14 10:00:00+00:00,68521.0,68521.0,61125.0,-8403.0
2024-06-14 11:00:00+00:00,68734.0,68734.0,61726.0,-7954.0
2024-06-14 12:00:00+00:00,70283.0,70283.0,63266.0,-8004.0
2024-06-14 13:00:00+00:00,73812.0,73812.0,67801.0,-6944.0
2024-06-14 14:00:00+00:00,77988.0,77988.0,72360.0,-6699.0
2024-06-14 15:00:00+00:00,82166.0,82166.0,77314.0,-6023.0
2024-06-14 16:00:00+00:00,86200.0,86200.0,82267.0,-5345.0
2024-06-14 17:00:00+00:00,89932.0,89932.0,86408.0,-5022.0
2024-06-14 18:00:00+00:00,92856.0,92856.0,89453.0,-5143.0
2024-06-14 19:00:00+00:00,95651.0,95651.0,92565.0,-4934.0
2024-06-14 20:00:00+00:00,97460.0,97460.0,95082.0,-4189.0
2024-06-14 21:00:00+00:00,98479.0,98479.0,95951.0,-4513.0
2024-06-14 22:00:00+00:00,99309.0,99309.0,95211.0,-6110.0
2024-06-14 23:00:00+00:00,98775.0,98775.0,93959.0,-6764.0
2024-06-15 00:00:00+00:00,97307.0,97307.0,92088.0,-7025.0
2024-06-15 01:00:00+00:00,93844.0,93844.0,88217.0,-7512.0
2024-06-15 02:00:00+00:00,89581.0,89581.0,84026.0,-7268.0
2024-06-15 03:00:00+00:00,85786.0,85786.0,80802.0,-6568.0
2024-06-15 04:00:00+00:00,80822.0,80822.0,76393.0,-5856.0
2024-06-15 05:00:00+00:00,75521.0,75521.0,72618.0,-4478.0
2024-06-15 06:00:00+00:00,71472.0,71472.0,67380.0,-5984.0
2024-06-15 07:00:00+00:00,68765.0,68765.0,63473.0,-6696.0
2024-06-15 08:00:00+00:00,66381.0,66381.0,60952.0,-6741.0
2024-06-15 09:00:00+00:00,64933.0,64933.0,59418.0,-6628.0
2024-06-15 10:00:00+00:00,64113.0,64113.0,58756.0,-6508.0
2024-06-15 11:00:00+00:00,63504.0,63504.0,58383.0,-6263.0
2024-06-15 12:00:00+00:00,63894.0,63894.0,59344.0,-5618.0
2024-06-15 13:00:00+00:00,66086.0,66086.0,61837.0,-5094.0
2024-06-15 14:00:00+00:00,69362.0,69362.0,65487.0,-5032.0
2024-06-15 15:00:00+00:00,73187.0,73187.0,70208.0,-4275.0
2024-06-15 16:00:00+00:00,77277.0,77277.0,74208.0,-4624.0
2024-06-15 17:00:00+00:00,80883.0,80883.0,77663.0,-4975.0
2024-06-15 18:00:00+00:00,84072.0,84072.0,81271.0,-4488.0
2024-06-15 19:00:00+00:00,86580.0,86580.0,84015.0,-4258.0
2024-06-15 20:00:00+00:00,88407.0,88407.0,86820.0,-3525.0
2024-06-15 21:00:00+00:00,90258.0,90258.0,87486.0,-4688.0
2024-06-15 22:00:00+00:00,91526.0,91526.0,88142.0,-5334.0
2024-06-15 23:00:00+00:00,91833.0,91833.0,88686.0,-5040.0
2024-06-16 00:00:00+00:00,90647.0,90647.0,87786.0,-4824.0
2024-06-16 01:00:00+00:00,88109.0,88109.0,85325.0,-4358.0
2024-06-16 02:00:00+00:00,84956.0,84956.0,82222.0,-4503.0
2024-06-16 03:00:00+00:00,82101.0,82101.0,79492.0,-4265.0
2024-06-16 04:00:00+00:00,78048.0,78048.0,75423.0,-4379.0
2024-06-16 05:00:00+00:00,73954.0,73954.0,72358.0,-3216.0
2024-06-16 06:00:00+00:00,70861.0,70861.0,67976.0,-4832.0
2024-06-16 07:00:00+00:00,68432.0,68432.0,63190.0,-6969.0
2024-06-16 08:00:00+00:00,66382.0,66382.0,61482.0,-6432.0
2024-06-16 09:00:00+00:00,64929.0,64929.0,60402.0,-5972.0
2024-06-16 10:00:00+00:00,64243.0,64243.0,59697.0,-6052.0
2024-06-16 11:00:00+00:00,63248.0,63248.0,58106.0,-6450.0
2024-06-16 12:00:00+00:00,63043.0,63043.0,58626.0,-5647.0
2024-06-16 13:00:00+00:00,65213.0,65213.0,60445.0,-6168.0
2024-06-16 14:00:00+00:00,69807.0,69807.0,65390.0,-5793.0
2024-06-16 15:00:00+00:00,74902.0,74902.0,70658.0,-5926.0
2024-06-16 16:00:00+00:00,79653.0,79653.0,75438.0,-5870.0
2024-06-16 17:00:00+00:00,84073.0,84073.0,79789.0,-6112.0
2024-06-16 18:00:00+00:00,88023.0,88023.0,84077.0,-5865.0
2024-06-16 19:00:00+00:00,91204.0,91204.0,87205.0,-6144.0
2024-06-16 20:00:00+00:00,93104.0,93104.0,89255.0,-6046.0
2024-06-16 21:00:00+00:00,94944.0,94944.0,91796.0,-5489.0
2024-06-16 22:00:00+00:00,96362.0,96362.0,93197.0,-5682.0
2024-06-16 23:00:00+00:00,97553.0,97553.0,93293.0,-6448.0
2024-06-17 00:00:00+00:00,97703.0,97703.0,93078.0,-6670.0
2024-06-17 01:00:00+00:00,95915.0,95915.0,90827.0,-7051.0
2024-06-17 02:00:00+00:00,93490.0,93490.0,87839.0,-7512.0
2024-06-17 03:00:00+00:00,90825.0,90825.0,84938.0,-7661.0
2024-06-17 04:00:00+00:00,86431.0,86431.0,80508.0,-7280.0
2024-06-17 05:00:00+00:00,82310.0,82310.0,77946.0,-5829.0
2024-06-17 06:00:00+00:00,79048.0,79048.0,74054.0,-6927.0
2024-06-17 07:00:00+00:00,75909.0,75909.0,69350.0,-8417.0
2024-06-17 08:00:00+00:00,73928.0,73928.0,66985.0,-8357.0
2024-06-17 09:00:00+00:00,72337.0,72337.0,65654.0,-8052.0
2024-06-17 10:00:00+00:00,72217.0,72217.0,66025.0,-7631.0
2024-06-17 11:00:00+00:00,73576.0,73576.0,67971.0,-7097.0
2024-06-17 12:00:00+00:00,76485.0,76485.0,71596.0,-6643.0
2024-06-17 13:00:00+00:00,80828.0,80828.0,76496.0,-6034.0
2024-06-17 14:00:00+00:00,84991.0,84991.0,81219.0,-5437.0
2024-06-17 15:00:00+00:00,89717.0,89717.0,86294.0,-5111.0
2024-06-17 16:00:00+00:00,94429.0,94429.0,92092.0,-4063.0
2024-06-17 17:00:00+00:00,98437.0,98437.0,96406.0,-3989.0
2024-06-17 18:00:00+00:00,101521.0,101521.0,99901.0,-3934.0
2024-06-17 19:00:00+00:00,103859.0,103859.0,102073.0,-3975.0
2024-06-17 20:00:00+00:00,104914.0,104914.0,103525.0,-3811.0
2024-06-17 21:00:00+00:00,105042.0,105042.0,103936.0,-3380.0
2024-06-17 22:00:00+00:00,104915.0,104915.0,104455.0,-2902.0
2024-06-17 23:00:00+00:00,104327.0,104327.0,103953.0,-2909.0
2024-06-18 00:00:00+00:00,102873.0,102873.0,102861.0,-2720.0
2024-06-18 01:00:00+00:00,100278.0,100278.0,99700.0,-3427.0
2024-06-18 02:00:00+00:00,97416.0,97416.0,96016.0,-4064.0
2024-06-18 03:00:00+00:00,93970.0,93970.0,92118.0,-4498.0
2024-06-18 04:00:00+00:00,89359.0,89359.0,87703.0,-4077.0
2024-06-18 05:00:00+00:00,84846.0,84846.0,84110.0,-2976.0
2024-06-18 06:00:00+00:00,81098.0,81098.0,80225.0,-3035.0
2024-06-18 07:00:00+00:00,77960.0,77960.0,76783.0,-3015.0
2024-06-18 08:00:00+00:00,75795.0,75795.0,74703.0,-3149.0
2024-06-18 09:00:00+00:00,74664.0,74664.0,72808.0,-3905.0
2024-06-18 10:00:00+00:00,75209.0,75209.0,73379.0,-3742.0
2024-06-18 11:00:00+00:00,77049.0,77049.0,75353.0,-3839.0
2024-06-18 12:00:00+00:00,79912.0,79912.0,77880.0,-4326.0
2024-06-18 13:00:00+00:00,83536.0,83536.0,81397.0,-4459.0
2024-06-18 14:00:00+00:00,86692.0,86692.0,85527.0,-3660.0
2024-06-18 15:00:00+00:00,90307.0,90307.0,88785.0,-3935.0
2024-06-18 16:00:00+00:00,93865.0,93865.0,92424.0,-3576.0
2024-06-18 17:00:00+00:00,96739.0,96739.0,97319.0,-1832.0
2024-06-18 18:00:00+00:00,99957.0,99957.0,101594.0,-1008.0
2024-06-18 19:00:00+00:00,102277.0,102277.0,104008.0,-944.0
2024-06-18 20:00:00+00:00,103038.0,103038.0,104344.0,-1453.0
2024-06-18 21:00:00+00:00,103647.0,103647.0,105822.0,-476.0
2024-06-18 22:00:00+00:00,103737.0,103737.0,106285.0,-195.0
2024-06-18 23:00:00+00:00,103599.0,103599.0,106632.0,323.0
2024-06-19 00:00:00+00:00,102522.0,102522.0,104379.0,-1091.0
2024-06-19 01:00:00+00:00,100224.0,100224.0,101072.0,-1902.0
2024-06-19 02:00:00+00:00,97642.0,97642.0,97419.0,-2831.0
2024-06-19 03:00:00+00:00,94693.0,94693.0,93716.0,-3398.0
2024-06-19 04:00:00+00:00,89678.0,89678.0,88189.0,-3443.0
2024-06-19 05:00:00+00:00,84553.0,84553.0,83346.0,-3006.0
2024-06-19 06:00:00+00:00,80581.0,80581.0,77450.0,-5118.0
2024-06-19 07:00:00+00:00,77775.0,77775.0,72887.0,-6430.0
2024-06-19 08:00:00+00:00,75527.0,75527.0,70410.0,-6486.0
2024-06-19 09:00:00+00:00,74317.0,74317.0,69372.0,-6317.0
2024-06-19 10:00:00+00:00,74164.0,74164.0,69156.0,-6324.0
2024-06-19 11:00:00+00:00,75560.0,75560.0,71616.0,-5312.0
2024-06-19 12:00:00+00:00,77631.0,77631.0,73863.0,-5293.0
2024-06-19 13:00:00+00:00,81370.0,81370.0,77675.0,-5248.0
2024-06-19 14:00:00+00:00,84016.0,84016.0,80661.0,-5032.0
2024-06-19 15:00:00+00:00,87492.0,87492.0,84879.0,-4393.0
2024-06-19 16:00:00+00:00,91330.0,91330.0,89762.0,-3522.0
2024-06-19 17:00:00+00:00,95283.0,95283.0,94121.0,-3393.0
2024-06-19 18:00:00+00:00,98476.0,98476.0,96715.0,-3971.0
2024-06-19 19:00:00+00:00,101550.0,101550.0,100497.0,-3170.0
2024-06-19 20:00:00+00:00,103099.0,103099.0,102731.0,-2814.0
2024-06-19 21:00:00+00:00,104055.0,104055.0,103708.0,-2738.0
2024-06-19 22:00:00+00:00,103937.0,103937.0,103653.0,-2785.0
2024-06-19 23:00:00+00:00,103386.0,103386.0,101751.0,-4070.0
2024-06-20 00:00:00+00:00,102087.0,102087.0,100453.0,-4016.0
2024-06-20 01:00:00+00:00,99226.0,99226.0,96257.0,-5290.0
2024-06-20 02:00:00+00:00,96067.0,96067.0,92561.0,-5656.0
2024-06-20 03:00:00+00:00,92588.0,92588.0,88702.0,-5832.0
2024-06-20 04:00:00+00:00,87966.0,87966.0,84377.0,-5093.0
2024-06-20 05:00:00+00:00,82677.0,82677.0,80393.0,-3842.0
2024-06-20 06:00:00+00:00,78660.0,78660.0,76027.0,-4427.0
2024-06-20 07:00:00+00:00,75930.0,75930.0,72361.0,-5109.0
2024-06-20 08:00:00+00:00,73484.0,73484.0,69365.0,-5658.0
2024-06-20 09:00:00+00:00,72239.0,72239.0,68222.0,-5417.0
2024-06-20 10:00:00+00:00,72693.0,72693.0,68431.0,-5635.0
2024-06-20 11:00:00+00:00,74023.0,74023.0,70214.0,-5284.0
2024-06-20 12:00:00+00:00,76267.0,76267.0,72401.0,-5605.0
2024-06-20 13:00:00+00:00,80270.0,80270.0,76378.0,-5584.0
2024-06-20 14:00:00+00:00,83700.0,83700.0,80343.0,-5044.0
2024-06-20 15:00:00+00:00,87870.0,87870.0,84785.0,-4828.0
2024-06-20 16:00:00+00:00,91696.0,91696.0,89365.0,-4316.0
2024-06-20 17:00:00+00:00,95667.0,95667.0,92888.0,-4749.0
2024-06-20 18:00:00+00:00,98984.0,98984.0,95219.0,-5705.0
2024-06-20 19:00:00+00:00,101605.0,101605.0,98108.0,-5573.0
2024-06-20 20:00:00+00:00,102596.0,102596.0,99704.0,-5013.0
2024-06-20 21:00:00+00:00,102795.0,102795.0,100412.0,-4430.0
2024-06-20 22:00:00+00:00,102625.0,102625.0,100252.0,-4462.0
2024-06-20 23:00:00+00:00,101963.0,101963.0,99160.0,-4857.0
2024-06-21 00:00:00+00:00,100399.0,100399.0,97453.0,-4943.0
2024-06-21 01:00:00+00:00,97892.0,97892.0,94431.0,-5362.0
2024-06-21 02:00:00+00:00,94487.0,94487.0,91475.0,-5063.0
2024-06-21 03:00:00+00:00,91309.0,91309.0,87027.0,-5920.0
2024-06-21 04:00:00+00:00,86607.0,86607.0,82764.0,-5195.0
2024-06-21 05:00:00+00:00,82212.0,82212.0,79332.0,-4254.0
2024-06-21 06:00:00+00:00,78010.0,78010.0,75166.0,-4183.0
2024-06-21 07:00:00+00:00,74517.0,74517.0,71004.0,-4883.0
2024-06-21 08:00:00+00:00,72216.0,72216.0,68652.0,-4806.0
2024-06-21 09:00:00+00:00,70988.0,70988.0,67100.0,-5039.0
2024-06-21 10:00:00+00:00,71129.0,71129.0,67643.0,-4853.0
2024-06-21 11:00:00+00:00,72741.0,72741.0,69761.0,-4385.0
2024-06-21 12:00:00+00:00,73759.0,73759.0,70136.0,-5091.0
2024-06-21 13:00:00+00:00,77906.0,77906.0,74427.0,-4694.0
2024-06-21 14:00:00+00:00,82578.0,82578.0,79577.0,-4539.0
2024-06-21 15:00:00+00:00,87351.0,87351.0,84681.0,-4138.0
2024-06-21 16:00:00+00:00,91879.0,91879.0,90479.0,-3058.0
2024-06-21 17:00:00+00:00,96070.0,96070.0,95767.0,-2193.0
2024-06-21 18:00:00+00:00,99530.0,99530.0,99240.0,-2354.0
2024-06-21 19:00:00+00:00,102713.0,102713.0,102919.0,-2003.0
2024-06-21 20:00:00+00:00,104416.0,104416.0,104489.0,-2143.0
2024-06-21 21:00:00+00:00,105200.0,105200.0,105202.0,-2268.0
2024-06-21 22:00:00+00:00,105199.0,105199.0,105174.0,-2380.0
2024-06-21 23:00:00+00:00,104001.0,104001.0,103628.0,-2679.0
2024-06-22 00:00:00+00:00,101983.0,101983.0,102205.0,-1926.0
2024-06-22 01:00:00+00:00,98932.0,98932.0,99232.0,-1962.0
2024-06-22 02:00:00+00:00,95102.0,95102.0,94152.0,-2782.0
2024-06-22 03:00:00+00:00,91508.0,91508.0,90131.0,-3302.0
2024-06-22 04:00:00+00:00,86846.0,86846.0,85918.0,-2577.0
2024-06-22 05:00:00+00:00,81679.0,81679.0,80784.0,-2470.0
2024-06-22 06:00:00+00:00,77618.0,77618.0,76295.0,-2726.0
2024-06-22 07:00:00+00:00,74448.0,74448.0,72494.0,-3494.0
2024-06-22 08:00:00+00:00,72288.0,72288.0,69938.0,-3799.0
2024-06-22 09:00:00+00:00,70608.0,70608.0,67632.0,-4270.0
2024-06-22 10:00:00+00:00,69801.0,69801.0,66413.0,-4664.0
2024-06-22 11:00:00+00:00,70286.0,70286.0,66687.0,-4597.0
2024-06-22 12:00:00+00:00,70244.0,70244.0,67116.0,-4276.0
2024-06-22 13:00:00+00:00,73073.0,73073.0,69500.0,-4714.0
2024-06-22 14:00:00+00:00,77107.0,77107.0,74039.0,-4309.0
2024-06-22 15:00:00+00:00,82713.0,82713.0,80128.0,-4071.0
2024-06-22 16:00:00+00:00,87821.0,87821.0,85849.0,-3803.0
2024-06-22 17:00:00+00:00,91923.0,91923.0,90865.0,-2838.0
2024-06-22 18:00:00+00:00,95007.0,95007.0,94840.0,-2070.0
2024-06-22 19:00:00+00:00,97307.0,97307.0,97057.0,-2189.0
2024-06-22 20:00:00+00:00,98896.0,98896.0,98533.0,-2452.0
2024-06-22 21:00:00+00:00,99614.0,99614.0,99492.0,-2211.0
2024-06-22 22:00:00+00:00,99755.0,99755.0,99564.0,-2447.0
2024-06-22 23:00:00+00:00,99649.0,99649.0,99684.0,-2088.0
2024-06-23 00:00:00+00:00,98304.0,98304.0,99004.0,-1454.0
2024-06-23 01:00:00+00:00,95601.0,95601.0,95651.0,-2043.0
2024-06-23 02:00:00+00:00,92457.0,92457.0,91826.0,-2653.0
2024-06-23 03:00:00+00:00,89611.0,89611.0,88795.0,-2642.0
2024-06-23 04:00:00+00:00,85705.0,85705.0,85382.0,-2078.0
2024-06-23 05:00:00+00:00,81413.0,81413.0,80305.0,-2777.0
2024-06-23 06:00:00+00:00,77761.0,77761.0,75224.0,-4268.0
2024-06-23 07:00:00+00:00,74666.0,74666.0,70553.0,-5450.0
2024-06-23 08:00:00+00:00,72609.0,72609.0,68881.0,-4931.0
2024-06-23 09:00:00+00:00,70789.0,70789.0,67656.0,-4318.0
2024-06-23 10:00:00+00:00,69515.0,69515.0,66145.0,-4518.0
2024-06-23 11:00:00+00:00,68631.0,68631.0,65090.0,-4654.0
2024-06-23 12:00:00+00:00,67612.0,67612.0,63568.0,-4956.0
2024-06-23 13:00:00+00:00,69327.0,69327.0,65874.0,-4430.0
2024-06-23 14:00:00+00:00,72523.0,72523.0,69387.0,-4174.0
2024-06-23 15:00:00+00:00,76212.0,76212.0,73223.0,-4101.0
2024-06-23 16:00:00+00:00,80160.0,80160.0,77588.0,-3651.0
2024-06-23 17:00:00+00:00,84312.0,84312.0,82010.0,-3487.0
2024-06-23 18:00:00+00:00,87669.0,87669.0,85972.0,-3026.0
2024-06-23 19:00:00+00:00,90462.0,90462.0,89149.0,-2742.0
2024-06-23 20:00:00+00:00,92678.0,92678.0,91759.0,-2396.0
2024-06-23 21:00:00+00:00,94423.0,94423.0,93137.0,-3156.0
2024-06-23 22:00:00+00:00,96566.0,96566.0,94592.0,-3698.0
2024-06-23 23:00:00+00:00,97476.0,97476.0,95318.0,-4110.0
2024-06-24 00:00:00+00:00,97329.0,97329.0,93912.0,-5136.0
2024-06-24 01:00:00+00:00,95418.0,95418.0,91979.0,-5089.0
2024-06-24 02:00:00+00:00,92059.0,92059.0,89184.0,-4426.0
2024-06-24 03:00:00+00:00,88737.0,88737.0,85850.0,-4429.0
2024-06-24 04:00:00+00:00,84607.0,84607.0,81678.0,-4021.0
2024-06-24 05:00:00+00:00,80058.0,80058.0,78313.0,-2959.0
2024-06-24 06:00:00+00:00,76012.0,76012.0,72709.0,-4892.0
2024-06-24 07:00:00+00:00,72813.0,72813.0,68189.0,-5839.0
2024-06-24 08:00:00+00:00,70558.0,70558.0,65940.0,-5759.0
2024-06-24 09:00:00+00:00,69493.0,69493.0,64435.0,-6213.0
2024-06-24 10:00:00+00:00,69926.0,69926.0,65438.0,-5665.0
2024-06-24 11:00:00+00:00,71412.0,71412.0,67647.0,-5124.0
2024-06-24 12:00:00+00:00,73041.0,73041.0,70070.0,-4314.0
2024-06-24 13:00:00+00:00,77345.0,77345.0,74555.0,-4234.0
2024-06-24 14:00:00+00:00,82256.0,82256.0,79756.0,-3999.0
2024-06-24 15:00:00+00:00,86872.0,86872.0,84796.0,-3757.0
2024-06-24 16:00:00+00:00,91479.0,91479.0,89846.0,-3545.0
2024-06-24 17:00:00+00:00,95968.0,95968.0,94580.0,-3461.0
2024-06-24 18:00:00+00:00,100049.0,100049.0,98818.0,-3380.0
2024-06-24 19:00:00+00:00,103633.0,103633.0,102473.0,-3430.0
2024-06-24 20:00:00+00:00,106130.0,106130.0,104459.0,-4066.0
2024-06-24 21:00:00+00:00,108021.0,108021.0,106533.0,-3763.0
2024-06-24 22:00:00+00:00,109172.0,109172.0,107804.0,-3798.0
2024-06-24 23:00:00+00:00,109244.0,109244.0,107400.0,-4245.0
2024-06-25 00:00:00+00:00,108246.0,108246.0,106588.0,-3961.0
2024-06-25 01:00:00+00:00,105480.0,105480.0,103585.0,-4125.0
2024-06-25 02:00:00+00:00,101536.0,101536.0,99182.0,-4259.0
2024-06-25 03:00:00+00:00,97816.0,97816.0,95271.0,-4335.0
2024-06-25 04:00:00+00:00,92669.0,92669.0,90094.0,-4206.0
2024-06-25 05:00:00+00:00,87522.0,87522.0,85465.0,-3550.0
2024-06-25 06:00:00+00:00,83368.0,83368.0,80423.0,-4760.0
2024-06-25 07:00:00+00:00,79854.0,79854.0,74003.0,-7426.0
2024-06-25 08:00:00+00:00,77394.0,77394.0,70683.0,-8066.0
2024-06-25 09:00:00+00:00,75894.0,75894.0,68753.0,-8413.0
2024-06-25 10:00:00+00:00,76016.0,76016.0,69513.0,-7885.0
2024-06-25 11:00:00+00:00,78120.0,78120.0,71953.0,-7619.0
2024-06-25 12:00:00+00:00,79476.0,79476.0,73239.0,-7610.0
2024-06-25 13:00:00+00:00,83057.0,83057.0,76951.0,-7574.0
2024-06-25 14:00:00+00:00,86715.0,86715.0,80229.0,-8072.0
2024-06-25 15:00:00+00:00,90775.0,90775.0,83664.0,-8533.0
2024-06-25 16:00:00+00:00,95007.0,95007.0,88823.0,-7689.0
2024-06-25 17:00:00+00:00,98957.0,98957.0,92543.0,-8292.0
2024-06-25 18:00:00+00:00,102015.0,102015.0,95487.0,-8463.0
2024-06-25 19:00:00+00:00,104801.0,104801.0,98146.0,-8565.0
2024-06-25 20:00:00+00:00,106343.0,106343.0,99076.0,-9286.0
2024-06-25 21:00:00+00:00,107011.0,107011.0,100070.0,-8952.0
2024-06-25 22:00:00+00:00,107055.0,107055.0,100965.0,-8073.0
2024-06-25 23:00:00+00:00,105728.0,105728.0,100366.0,-7251.0
2024-06-26 00:00:00+00:00,104332.0,104332.0,99739.0,-6466.0
2024-06-26 01:00:00+00:00,101200.0,101200.0,96355.0,-6777.0
2024-06-26 02:00:00+00:00,98076.0,98076.0,92937.0,-6929.0
2024-06-26 03:00:00+00:00,94774.0,94774.0,89852.0,-6647.0
2024-06-26 04:00:00+00:00,89806.0,89806.0,85546.0,-5513.0
2024-06-26 05:00:00+00:00,84756.0,84756.0,82120.0,-4046.0
2024-06-26 06:00:00+00:00,80713.0,80713.0,76641.0,-5749.0
2024-06-26 07:00:00+00:00,77345.0,77345.0,71418.0,-7112.0
2024-06-26 08:00:00+00:00,75052.0,75052.0,69355.0,-6689.0
2024-06-26 09:00:00+00:00,73743.0,73743.0,68340.0,-6480.0
2024-06-26 10:00:00+00:00,74001.0,74001.0,69505.0,-5665.0
2024-06-26 11:00:00+00:00,74786.0,74786.0,70752.0,-5121.0
2024-06-26 12:00:00+00:00,77126.0,77126.0,73916.0,-4424.0
2024-06-26 13:00:00+00:00,79993.0,79993.0,77471.0,-3766.0
2024-06-26 14:00:00+00:00,83036.0,83036.0,80815.0,-3453.0
2024-06-26 15:00:00+00:00,85796.0,85796.0,84170.0,-2986.0
2024-06-26 16:00:00+00:00,88886.0,88886.0,87800.0,-2680.0
2024-06-26 17:00:00+00:00,91098.0,91098.0,90634.0,-2088.0
2024-06-26 18:00:00+00:00,93148.0,93148.0,92946.0,-2029.0
2024-06-26 19:00:00+00:00,94863.0,94863.0,95298.0,-1266.0
2024-06-26 20:00:00+00:00,95586.0,95586.0,95781.0,-1701.0
2024-06-26 21:00:00+00:00,96485.0,96485.0,96779.0,-1442.0
2024-06-26 22:00:00+00:00,97115.0,97115.0,97106.0,-1765.0
2024-06-26 23:00:00+00:00,97329.0,97329.0,96821.0,-2120.0
2024-06-27 00:00:00+00:00,96118.0,96118.0,95376.0,-2374.0
2024-06-27 01:00:00+00:00,93774.0,93774.0,92196.0,-3174.0
2024-06-27 02:00:00+00:00,90470.0,90470.0,87823.0,-4313.0
2024-06-27 03:00:00+00:00,87261.0,87261.0,83740.0,-4871.0
2024-06-27 04:00:00+00:00,82633.0,82633.0,79600.0,-4188.0
2024-06-27 05:00:00+00:00,78145.0,78145.0,76095.0,-3133.0
2024-06-27 06:00:00+00:00,74211.0,74211.0,71075.0,-4396.0
2024-06-27 07:00:00+00:00,71143.0,71143.0,67125.0,-5061.0
2024-06-27 08:00:00+00:00,69252.0,69252.0,64680.0,-5615.0
2024-06-27 09:00:00+00:00,68217.0,68217.0,63233.0,-5813.0
2024-06-27 10:00:00+00:00,68727.0,68727.0,64100.0,-5404.0
2024-06-27 11:00:00+00:00,69254.0,69254.0,65064.0,-5092.0
2024-06-27 12:00:00+00:00,71687.0,71687.0,68129.0,-4454.0
2024-06-27 13:00:00+00:00,74139.0,74139.0,71142.0,-3838.0
2024-06-27 14:00:00+00:00,76871.0,76871.0,74364.0,-3419.0
2024-06-27 15:00:00+00:00,79741.0,79741.0,77437.0,-3438.0
2024-06-27 16:00:00+00:00,83079.0,83079.0,80702.0,-3608.0
2024-06-27 17:00:00+00:00,86175.0,86175.0,84026.0,-3520.0
2024-06-27 18:00:00+00:00,89141.0,89141.0,87038.0,-3627.0
2024-06-27 19:00:00+00:00,91740.0,91740.0,89329.0,-4155.0
2024-06-27 20:00:00+00:00,93524.0,93524.0,91560.0,-3802.0
2024-06-27 21:00:00+00:00,94934.0,94934.0,93031.0,-3859.0
2024-06-27 22:00:00+00:00,95664.0,95664.0,93704.0,-3800.0
2024-06-27 23:00:00+00:00,95337.0,95337.0,93724.0,-3571.0
2024-06-28 00:00:00+00:00,93771.0,93771.0,92450.0,-3498.0
2024-06-28 01:00:00+00:00,91138.0,91138.0,89787.0,-3384.0
2024-06-28 02:00:00+00:00,87903.0,87903.0,85605.0,-4285.0
2024-06-28 03:00:00+00:00,85011.0,85011.0,82067.0,-4618.0
2024-06-28 04:00:00+00:00,81177.0,81177.0,78445.0,-4360.0
2024-06-28 05:00:00+00:00,77207.0,77207.0,74989.0,-3834.0
2024-06-28 06:00:00+00:00,73815.0,73815.0,70948.0,-4788.0
2024-06-28 07:00:00+00:00,71114.0,71114.0,67579.0,-5112.0
2024-06-28 08:00:00+00:00,69267.0,69267.0,66173.0,-4558.0
2024-06-28 09:00:00+00:00,68217.0,68217.0,64959.0,-4834.0
2024-06-28 10:00:00+00:00,68771.0,68771.0,65763.0,-4508.0
2024-06-28 11:00:00+00:00,70558.0,70558.0,68168.0,-4021.0
2024-06-28 12:00:00+00:00,71473.0,71473.0,69349.0,-3839.0
2024-06-28 13:00:00+00:00,73989.0,73989.0,72085.0,-3581.0
2024-06-28 14:00:00+00:00,76940.0,76940.0,75404.0,-3138.0
2024-06-28 15:00:00+00:00,80146.0,80146.0,78264.0,-3619.0
2024-06-28 16:00:00+00:00,83658.0,83658.0,81304.0,-4121.0
2024-06-28 17:00:00+00:00,86644.0,86644.0,84170.0,-4110.0
2024-06-28 18:00:00+00:00,89102.0,89102.0,87030.0,-3699.0
2024-06-28 19:00:00+00:00,91069.0,91069.0,89375.0,-3356.0
2024-06-28 20:00:00+00:00,92156.0,92156.0,89893.0,-3937.0
2024-06-28 21:00:00+00:00,92916.0,92916.0,90266.0,-4279.0
2024-06-28 22:00:00+00:00,93208.0,93208.0,90660.0,-4163.0
2024-06-28 23:00:00+00:00,92486.0,92486.0,89169.0,-4945.0
2024-06-29 00:00:00+00:00,91317.0,91317.0,88201.0,-4592.0
2024-06-29 01:00:00+00:00,89760.0,89760.0,86890.0,-4479.0
2024-06-29 02:00:00+00:00,87988.0,87988.0,84689.0,-4932.0
2024-06-29 03:00:00+00:00,86012.0,86012.0,82922.0,-4511.0
2024-06-29 04:00:00+00:00,82743.0,82743.0,80257.0,-3600.0
2024-06-29 05:00:00+00:00,79688.0,79688.0,77818.0,-3073.0
2024-06-29 06:00:00+00:00,76476.0,76476.0,73343.0,-4469.0
2024-06-29 07:00:00+00:00,74296.0,74296.0,70079.0,-5420.0
2024-06-29 08:00:00+00:00,72421.0,72421.0,68435.0,-5082.0
2024-06-29 09:00:00+00:00,71390.0,71390.0,67846.0,-4676.0
2024-06-29 10:00:00+00:00,70643.0,70643.0,67023.0,-4783.0
2024-06-29 11:00:00+00:00,70222.0,70222.0,67065.0,-4318.0
2024-06-29 12:00:00+00:00,70196.0,70196.0,67550.0,-3891.0
2024-06-29 13:00:00+00:00,72708.0,72708.0,70792.0,-3120.0
2024-06-29 14:00:00+00:00,75968.0,75968.0,75363.0,-2022.0
2024-06-29 15:00:00+00:00,80287.0,80287.0,79797.0,-2225.0
2024-06-29 16:00:00+00:00,84280.0,84280.0,83968.0,-2163.0
2024-06-29 17:00:00+00:00,87541.0,87541.0,88144.0,-1268.0
2024-06-29 18:00:00+00:00,90331.0,90331.0,91691.0,-809.0
2024-06-29 19:00:00+00:00,92972.0,92972.0,94234.0,-831.0
2024-06-29 20:00:00+00:00,95164.0,95164.0,96849.0,-568.0
2024-06-29 21:00:00+00:00,96490.0,96490.0,98485.0,-340.0
2024-06-29 22:00:00+00:00,97498.0,97498.0,99424.0,-326.0
2024-06-29 23:00:00+00:00,97961.0,97961.0,98989.0,-1483.0
2024-06-30 00:00:00+00:00,97055.0,97055.0,97812.0,-1472.0
2024-06-30 01:00:00+00:00,94461.0,94461.0,94935.0,-1506.0
2024-06-30 02:00:00+00:00,90866.0,90866.0,90868.0,-1895.0
2024-06-30 03:00:00+00:00,87785.0,87785.0,86954.0,-2444.0
2024-06-30 04:00:00+00:00,83480.0,83480.0,82702.0,-2145.0
2024-06-30 05:00:00+00:00,79680.0,79680.0,79197.0,-1772.0
2024-06-30 06:00:00+00:00,75860.0,75860.0,75275.0,-1849.0
2024-06-30 07:00:00+00:00,73036.0,73036.0,71832.0,-2409.0
2024-06-30 08:00:00+00:00,70283.0,70283.0,68069.0,-3335.0
2024-06-30 09:00:00+00:00,68343.0,68343.0,66606.0,-2804.0
2024-06-30 10:00:00+00:00,66934.0,66934.0,65300.0,-2689.0
2024-06-30 11:00:00+00:00,65885.0,65885.0,64309.0,-2556.0
2024-06-30 12:00:00+00:00,64432.0,64432.0,62870.0,-2375.0
2024-06-30 13:00:00+00:00,66081.0,66081.0,65050.0,-1862.0
2024-06-30 14:00:00+00:00,68049.0,68049.0,67533.0,-1393.0
2024-06-30 15:00:00+00:00,71231.0,71231.0,71085.0,-1130.0
2024-06-30 16:00:00+00:00,74216.0,74216.0,74084.0,-1112.0
2024-06-30 17:00:00+00:00,77140.0,77140.0,77383.0,-737.0
2024-06-30 18:00:00+00:00,79397.0,79397.0,79867.0,-611.0
2024-06-30 19:00:00+00:00,81141.0,81141.0,81354.0,-1006.0
2024-06-30 20:00:00+00:00,82465.0,82465.0,82887.0,-781.0
2024-06-30 21:00:00+00:00,83623.0,83623.0,83251.0,-1797.0
2024-06-30 22:00:00+00:00,84931.0,84931.0,84676.0,-1713.0
2024-06-30 23:00:00+00:00,85785.0,85785.0,85156.0,-2216.0
2024-07-01 00:00:00+00:00,85330.0,85330.0,84936.0,-1891.0
2024-07-01 01:00:00+00:00,83315.0,83315.0,83666.0,-1092.0
2024-07-01 02:00:00+00:00,80921.0,80921.0,81286.0,-1089.0
2024-07-01 03:00:00+00:00,78579.0,78579.0,78808.0,-1223.0
2024-07-01 04:00:00+00:00,74919.0,74919.0,74615.0,-1737.0
2024-07-01 05:00:00+00:00,71667.0,71667.0,70319.0,-2697.0
